Member_ID,Name,Gender,Date_of_Birth,Age,Profession,Email,Phone,Address,Instagram,How_Heard,Visiting_Member,Followup_Personnel,First_Visit_Date,Member_Type,Age_Bucket
1,Mary Adebayo,Female,2017-11-06,8,Trader,user1@gmail.com,+2348339670711,"Street 36, Ibadan",@user1,Others,Yes,Worker_18,2024-02-14,Second Timer,Youth
2,John Okeke,Male,1990-08-04,35,Trader,user2@gmail.com,+2348642621108,"Street 155, Ibadan",@user2,Social Media,Yes,Worker_18,2024-08-02,First Timer,Adult
3,Ruth Ibrahim,Male,2009-04-25,16,Teacher,user3@gmail.com,+2348849621470,"Street 109, Ibadan",@user3,Friends,No,Worker_5,2024-04-20,Second Timer,Youth
4,Mary Ogunleye,Male,1993-10-01,32,Nurse,user4@gmail.com,+2348469319644,"Street 155, Ibadan",@user4,Friends,Yes,Worker_15,2024-10-01,First Timer,Adult
5,Mary Eze,Female,2006-02-22,20,Nurse,user5@gmail.com,+2348719927151,"Street 50, Ibadan",@user5,Others,Yes,Worker_2,2024-12-04,First Timer,Youth
6,Daniel Okeke,Male,2023-11-04,2,Engineer,user6@gmail.com,+2348508157429,"Street 72, Ibadan",@user6,Friends,No,Worker_6,2024-07-08,Second Timer,Youth
7,Daniel Okeke,Male,1998-07-25,27,Entrepreneur,user7@gmail.com,+2348882893941,"Street 63, Ibadan",@user7,Social Media,No,Worker_13,2024-05-18,First Timer,Youth
8,Grace Adebayo,Male,2019-11-16,6,Student,user8@gmail.com,+2348964411347,"Street 81, Ibadan",@user8,Friends,No,Worker_3,2024-04-18,Second Timer,Youth
9,Esther Ogunleye,Female,1998-09-14,27,Teacher,user9@gmail.com,+2348384412919,"Street 36, Ibadan",@user9,Social Media,No,Worker_19,2024-08-07,Second Timer,Youth
10,Sarah Balogun,Female,2005-05-27,20,Engineer,user10@gmail.com,+2348911514914,"Street 13, Ibadan",@user10,Social Media,Yes,Worker_6,2024-12-14,Second Timer,Youth
11,Mary Ogunleye,Female,2015-12-02,10,Developer,user11@gmail.com,+2348668132202,"Street 65, Ibadan",@user11,Others,Yes,Worker_4,2024-12-15,Second Timer,Youth
12,Grace Okeke,Female,2023-08-23,2,Designer,user12@gmail.com,+2348269820594,"Street 117, Ibadan",@user12,Social Media,No,Worker_17,2024-04-01,First Timer,Youth
13,Daniel Eze,Male,2017-03-19,9,Teacher,user13@gmail.com,+2348501486939,"Street 196, Ibadan",@user13,Social Media,Yes,Worker_20,2024-06-14,Second Timer,Youth
14,Mary Okafor,Female,1990-01-15,36,Trader,user14@gmail.com,+2348162196678,"Street 62, Ibadan",@user14,Others,Yes,Worker_3,2024-09-05,First Timer,Adult
15,Paul Balogun,Male,2023-04-14,2,Developer,user15@gmail.com,+2348690347116,"Street 43, Ibadan",@user15,Friends,No,Worker_7,2024-10-03,First Timer,Youth
16,Daniel Ogunleye,Female,2021-02-22,5,Developer,user16@gmail.com,+2348655742829,"Street 116, Ibadan",@user16,Social Media,Yes,Worker_8,2024-02-02,Second Timer,Youth
17,Ruth Eze,Male,1990-02-09,36,Trader,user17@gmail.com,+2348107721109,"Street 19, Ibadan",@user17,Others,Yes,Worker_8,2024-02-04,First Timer,Adult
18,Mary Eze,Male,2003-12-27,22,Doctor,user18@gmail.com,+2348818309417,"Street 125, Ibadan",@user18,Social Media,Yes,Worker_19,2024-10-22,Second Timer,Youth
19,Esther Ogunleye,Male,2000-01-25,26,Engineer,user19@gmail.com,+2348204078666,"Street 169, Ibadan",@user19,Friends,No,Worker_14,2024-07-29,Second Timer,Youth
20,John Okeke,Male,2021-11-14,4,Designer,user20@gmail.com,+2348881913386,"Street 87, Ibadan",@user20,Social Media,Yes,Worker_7,2024-04-07,Second Timer,Youth
21,Michael Balogun,Female,1995-06-15,30,Developer,user21@gmail.com,+2348368227631,"Street 20, Ibadan",@user21,Friends,Yes,Worker_2,2024-11-29,First Timer,Adult
22,Sarah Balogun,Female,1993-05-08,32,Developer,user22@gmail.com,+2348616854671,"Street 55, Ibadan",@user22,Friends,Yes,Worker_6,2024-07-13,First Timer,Adult
23,Daniel Adeyemi,Female,2006-09-05,19,Designer,user23@gmail.com,+2348847959430,"Street 188, Ibadan",@user23,Others,No,Worker_5,2024-04-07,Second Timer,Youth
24,John Abdullahi,Male,1998-12-06,27,Nurse,user24@gmail.com,+2348161380746,"Street 13, Ibadan",@user24,Others,No,Worker_17,2024-09-28,First Timer,Youth
25,Paul Okeke,Male,1991-09-19,34,Engineer,user25@gmail.com,+2348738914080,"Street 18, Ibadan",@user25,Others,Yes,Worker_13,2024-03-02,First Timer,Adult
26,Ruth Adebayo,Male,2015-02-19,11,Designer,user26@gmail.com,+2348805849060,"Street 150, Ibadan",@user26,Others,No,Worker_9,2024-04-14,Second Timer,Youth
27,Daniel Ogunleye,Male,1999-11-15,26,Doctor,user27@gmail.com,+2348590941149,"Street 81, Ibadan",@user27,Social Media,Yes,Worker_15,2024-11-14,First Timer,Youth
28,Paul Olawale,Female,1992-06-14,33,Teacher,user28@gmail.com,+2348474745382,"Street 18, Ibadan",@user28,Social Media,No,Worker_10,2024-03-21,Second Timer,Adult
29,Daniel Abdullahi,Male,2013-07-14,12,Entrepreneur,user29@gmail.com,+2348421455482,"Street 170, Ibadan",@user29,Social Media,Yes,Worker_9,2024-02-29,First Timer,Youth
30,Paul Balogun,Female,2022-06-20,3,Doctor,user30@gmail.com,+2348749431082,"Street 54, Ibadan",@user30,Others,No,Worker_7,2024-12-17,Second Timer,Youth
31,Esther Ibrahim,Male,2011-11-02,14,Engineer,user31@gmail.com,+2348781057736,"Street 109, Ibadan",@user31,Friends,Yes,Worker_1,2024-06-19,First Timer,Youth
32,Daniel Balogun,Female,2017-09-29,8,Entrepreneur,user32@gmail.com,+2348857704655,"Street 110, Ibadan",@user32,Others,Yes,Worker_4,2024-02-08,First Timer,Youth
33,John Okafor,Male,2013-08-21,12,Designer,user33@gmail.com,+2348236843584,"Street 11, Ibadan",@user33,Friends,No,Worker_2,2024-07-02,First Timer,Youth
34,Sarah Okeke,Female,2019-10-05,6,Entrepreneur,user34@gmail.com,+2348536344399,"Street 159, Ibadan",@user34,Others,Yes,Worker_8,2024-03-24,First Timer,Youth
35,John Balogun,Female,2007-08-30,18,Designer,user35@gmail.com,+2348961393416,"Street 172, Ibadan",@user35,Others,Yes,Worker_9,2024-03-22,First Timer,Youth
36,John Adeyemi,Male,2006-04-29,19,Trader,user36@gmail.com,+2348976803188,"Street 118, Ibadan",@user36,Friends,No,Worker_8,2024-04-24,First Timer,Youth
37,Sarah Ogunleye,Female,2018-10-09,7,Doctor,user37@gmail.com,+2348174539964,"Street 198, Ibadan",@user37,Friends,No,Worker_17,2024-07-23,Second Timer,Youth
38,Mary Ibrahim,Male,1990-05-28,35,Doctor,user38@gmail.com,+2348141078352,"Street 28, Ibadan",@user38,Others,No,Worker_12,2024-06-09,Second Timer,Adult
39,Paul Okeke,Female,2016-05-11,9,Trader,user39@gmail.com,+2348373506211,"Street 12, Ibadan",@user39,Others,No,Worker_1,2024-09-23,First Timer,Youth
40,Michael Okeke,Female,2005-07-03,20,Nurse,user40@gmail.com,+2348812306873,"Street 32, Ibadan",@user40,Others,No,Worker_17,2024-06-07,Second Timer,Youth
41,Michael Ibrahim,Male,2003-10-19,22,Trader,user41@gmail.com,+2348551450815,"Street 171, Ibadan",@user41,Friends,Yes,Worker_20,2024-10-18,Second Timer,Youth
42,Paul Adebayo,Female,2007-05-20,18,Doctor,user42@gmail.com,+2348325681936,"Street 111, Ibadan",@user42,Others,No,Worker_15,2024-08-14,Second Timer,Youth
43,Sarah Eze,Female,2019-06-22,6,Teacher,user43@gmail.com,+2348807435606,"Street 22, Ibadan",@user43,Friends,No,Worker_3,2024-04-30,Second Timer,Youth
44,Sarah Balogun,Male,1999-03-30,26,Student,user44@gmail.com,+2348362897676,"Street 122, Ibadan",@user44,Others,Yes,Worker_15,2024-07-31,First Timer,Youth
45,Michael Adeyemi,Female,2021-05-22,4,Trader,user45@gmail.com,+2348258453521,"Street 168, Ibadan",@user45,Others,Yes,Worker_4,2024-08-05,First Timer,Youth
46,Paul Adeyemi,Male,1997-01-20,29,Entrepreneur,user46@gmail.com,+2348367574609,"Street 32, Ibadan",@user46,Friends,Yes,Worker_15,2024-12-07,Second Timer,Youth
47,Esther Abdullahi,Female,2023-01-17,3,Entrepreneur,user47@gmail.com,+2348578796089,"Street 41, Ibadan",@user47,Others,No,Worker_15,2024-05-12,First Timer,Youth
48,Daniel Eze,Female,2017-10-08,8,Trader,user48@gmail.com,+2348394846763,"Street 113, Ibadan",@user48,Social Media,No,Worker_8,2024-05-19,Second Timer,Youth
49,Paul Okeke,Male,2003-07-05,22,Teacher,user49@gmail.com,+2348348315126,"Street 99, Ibadan",@user49,Others,Yes,Worker_7,2024-02-02,Second Timer,Youth
50,Grace Eze,Female,2007-06-14,18,Designer,user50@gmail.com,+2348166857303,"Street 53, Ibadan",@user50,Friends,No,Worker_19,2024-12-22,First Timer,Youth
51,Ruth Ogunleye,Female,2023-07-05,2,Student,user51@gmail.com,+2348477698143,"Street 77, Ibadan",@user51,Friends,No,Worker_18,2024-10-06,First Timer,Youth
52,Sarah Ibrahim,Female,2011-01-25,15,Developer,user52@gmail.com,+2348131165166,"Street 100, Ibadan",@user52,Friends,No,Worker_6,2024-08-27,First Timer,Youth
53,Paul Adebayo,Female,2017-01-29,9,Student,user53@gmail.com,+2348190137896,"Street 165, Ibadan",@user53,Friends,Yes,Worker_15,2024-04-03,First Timer,Youth
54,Michael Okafor,Male,2000-11-01,25,Developer,user54@gmail.com,+2348450948014,"Street 87, Ibadan",@user54,Friends,No,Worker_14,2024-05-09,First Timer,Youth
55,John Eze,Male,2010-04-06,15,Nurse,user55@gmail.com,+2348340756713,"Street 167, Ibadan",@user55,Social Media,Yes,Worker_1,2024-05-06,First Timer,Youth
56,Ruth Balogun,Male,1990-01-29,36,Teacher,user56@gmail.com,+2348608482316,"Street 172, Ibadan",@user56,Social Media,Yes,Worker_15,2024-12-24,Second Timer,Adult
57,Grace Balogun,Male,2023-07-26,2,Teacher,user57@gmail.com,+2348433975497,"Street 28, Ibadan",@user57,Others,Yes,Worker_10,2024-10-21,Second Timer,Youth
58,Sarah Okeke,Male,2006-12-16,19,Engineer,user58@gmail.com,+2348848605284,"Street 198, Ibadan",@user58,Friends,Yes,Worker_19,2024-01-22,Second Timer,Youth
59,Michael Okafor,Male,2013-01-23,13,Entrepreneur,user59@gmail.com,+2348795294275,"Street 88, Ibadan",@user59,Social Media,No,Worker_16,2024-02-24,Second Timer,Youth
60,Esther Balogun,Female,2005-05-31,20,Teacher,user60@gmail.com,+2348887906704,"Street 134, Ibadan",@user60,Others,No,Worker_20,2024-10-02,Second Timer,Youth
61,Michael Abdullahi,Female,2010-01-07,16,Nurse,user61@gmail.com,+2348363598427,"Street 23, Ibadan",@user61,Friends,No,Worker_8,2024-08-25,Second Timer,Youth
62,John Adeyemi,Female,2004-04-03,21,Teacher,user62@gmail.com,+2348623502759,"Street 55, Ibadan",@user62,Friends,No,Worker_11,2024-05-23,Second Timer,Youth
63,John Eze,Male,2014-02-05,12,Engineer,user63@gmail.com,+2348359154084,"Street 185, Ibadan",@user63,Friends,No,Worker_18,2024-05-03,Second Timer,Youth
64,Esther Adeyemi,Male,2018-02-20,8,Engineer,user64@gmail.com,+2348415933049,"Street 57, Ibadan",@user64,Friends,Yes,Worker_10,2024-12-05,Second Timer,Youth
65,Paul Eze,Female,2010-05-24,15,Designer,user65@gmail.com,+2348900942073,"Street 141, Ibadan",@user65,Friends,No,Worker_15,2024-05-18,Second Timer,Youth
66,Sarah Okeke,Male,2000-06-10,25,Nurse,user66@gmail.com,+2348228370927,"Street 191, Ibadan",@user66,Others,Yes,Worker_7,2024-04-20,Second Timer,Youth
67,Ruth Eze,Female,2001-07-27,24,Engineer,user67@gmail.com,+2348994027897,"Street 50, Ibadan",@user67,Friends,Yes,Worker_12,2024-04-01,Second Timer,Youth
68,Paul Balogun,Female,1989-10-19,36,Student,user68@gmail.com,+2348158546865,"Street 142, Ibadan",@user68,Friends,Yes,Worker_16,2024-02-22,First Timer,Adult
69,Daniel Adeyemi,Female,2014-12-01,11,Developer,user69@gmail.com,+2348465830215,"Street 48, Ibadan",@user69,Social Media,No,Worker_16,2024-02-28,First Timer,Youth
70,Esther Okeke,Male,2007-02-21,19,Teacher,user70@gmail.com,+2348260199682,"Street 145, Ibadan",@user70,Friends,Yes,Worker_8,2024-03-01,Second Timer,Youth
71,Ruth Abdullahi,Male,2016-05-12,9,Entrepreneur,user71@gmail.com,+2348508427798,"Street 116, Ibadan",@user71,Friends,No,Worker_19,2024-08-07,Second Timer,Youth
72,Ruth Adebayo,Male,2014-09-03,11,Trader,user72@gmail.com,+2348771641650,"Street 55, Ibadan",@user72,Friends,Yes,Worker_6,2024-05-02,First Timer,Youth
73,Mary Balogun,Male,2013-12-04,12,Designer,user73@gmail.com,+2348583724666,"Street 177, Ibadan",@user73,Others,No,Worker_10,2024-01-17,First Timer,Youth
74,Daniel Adeyemi,Male,2002-02-02,24,Trader,user74@gmail.com,+2348384063364,"Street 161, Ibadan",@user74,Others,Yes,Worker_14,2024-02-28,First Timer,Youth
75,David Ibrahim,Male,2018-03-20,8,Engineer,user75@gmail.com,+2348164035859,"Street 43, Ibadan",@user75,Friends,No,Worker_15,2024-03-04,Second Timer,Youth
76,Daniel Ogunleye,Female,2020-01-22,6,Entrepreneur,user76@gmail.com,+2348679800791,"Street 127, Ibadan",@user76,Friends,Yes,Worker_20,2024-01-21,Second Timer,Youth
77,Grace Abdullahi,Female,2022-02-11,4,Student,user77@gmail.com,+2348198061499,"Street 59, Ibadan",@user77,Others,Yes,Worker_9,2024-10-22,First Timer,Youth
78,David Adeyemi,Female,2023-05-25,2,Doctor,user78@gmail.com,+2348294872482,"Street 150, Ibadan",@user78,Friends,No,Worker_3,2024-08-28,Second Timer,Youth
79,Grace Okafor,Male,2007-06-26,18,Teacher,user79@gmail.com,+2348454123990,"Street 106, Ibadan",@user79,Others,No,Worker_10,2024-12-05,Second Timer,Youth
80,Paul Adebayo,Female,2023-04-13,2,Engineer,user80@gmail.com,+2348437710224,"Street 65, Ibadan",@user80,Friends,Yes,Worker_13,2024-09-20,First Timer,Youth
81,Paul Adeyemi,Female,2018-09-01,7,Student,user81@gmail.com,+2348301415220,"Street 133, Ibadan",@user81,Friends,No,Worker_15,2024-01-27,First Timer,Youth
82,Paul Balogun,Female,2001-02-22,25,Developer,user82@gmail.com,+2348849740261,"Street 125, Ibadan",@user82,Social Media,Yes,Worker_20,2024-05-02,First Timer,Youth
83,Paul Adebayo,Female,2003-02-08,23,Engineer,user83@gmail.com,+2348341270488,"Street 30, Ibadan",@user83,Friends,Yes,Worker_5,2024-09-12,Second Timer,Youth
84,Daniel Ogunleye,Female,2011-12-29,14,Developer,user84@gmail.com,+2348361704064,"Street 117, Ibadan",@user84,Others,Yes,Worker_13,2024-04-07,First Timer,Youth
85,Daniel Ogunleye,Female,1992-04-18,33,Entrepreneur,user85@gmail.com,+2348386874458,"Street 1, Ibadan",@user85,Friends,No,Worker_19,2024-10-23,Second Timer,Adult
86,Esther Eze,Female,1995-10-31,30,Nurse,user86@gmail.com,+2348456954682,"Street 142, Ibadan",@user86,Others,No,Worker_15,2024-06-13,First Timer,Adult
87,Sarah Abdullahi,Female,2020-06-14,5,Trader,user87@gmail.com,+2348932734539,"Street 106, Ibadan",@user87,Social Media,No,Worker_16,2024-12-27,Second Timer,Youth
88,David Adeyemi,Male,2006-06-26,19,Teacher,user88@gmail.com,+2348639331014,"Street 152, Ibadan",@user88,Friends,Yes,Worker_15,2024-02-21,Second Timer,Youth
89,David Ogunleye,Male,1989-11-08,36,Engineer,user89@gmail.com,+2348604111692,"Street 68, Ibadan",@user89,Friends,No,Worker_3,2024-06-17,Second Timer,Adult
90,Esther Eze,Male,2003-05-16,22,Engineer,user90@gmail.com,+2348352082631,"Street 162, Ibadan",@user90,Others,No,Worker_8,2024-02-16,Second Timer,Youth
91,Mary Adeyemi,Male,1993-07-31,32,Doctor,user91@gmail.com,+2348131081879,"Street 12, Ibadan",@user91,Friends,Yes,Worker_10,2024-07-02,Second Timer,Adult
92,David Olawale,Female,2008-06-26,17,Teacher,user92@gmail.com,+2348282518553,"Street 45, Ibadan",@user92,Social Media,No,Worker_20,2024-12-15,First Timer,Youth
93,Ruth Balogun,Male,2011-06-28,14,Developer,user93@gmail.com,+2348784944881,"Street 66, Ibadan",@user93,Friends,No,Worker_1,2024-08-26,Second Timer,Youth
94,Paul Balogun,Male,2019-07-24,6,Developer,user94@gmail.com,+2348471048258,"Street 151, Ibadan",@user94,Friends,No,Worker_9,2024-08-21,Second Timer,Youth
95,Michael Adeyemi,Male,1998-02-06,28,Trader,user95@gmail.com,+2348509486794,"Street 147, Ibadan",@user95,Friends,No,Worker_10,2024-01-12,Second Timer,Youth
96,John Abdullahi,Male,2001-06-24,24,Developer,user96@gmail.com,+2348994253959,"Street 74, Ibadan",@user96,Social Media,No,Worker_8,2024-11-21,First Timer,Youth
97,Daniel Balogun,Male,2017-01-06,9,Student,user97@gmail.com,+2348431714152,"Street 113, Ibadan",@user97,Social Media,No,Worker_5,2024-02-16,Second Timer,Youth
98,Michael Balogun,Male,2003-10-27,22,Teacher,user98@gmail.com,+2348944511703,"Street 139, Ibadan",@user98,Friends,No,Worker_6,2024-05-11,Second Timer,Youth
99,Grace Okeke,Female,2002-05-28,23,Engineer,user99@gmail.com,+2348251136695,"Street 194, Ibadan",@user99,Social Media,No,Worker_18,2024-07-06,First Timer,Youth
100,Michael Adebayo,Female,2024-08-19,1,Entrepreneur,user100@gmail.com,+2348232702394,"Street 117, Ibadan",@user100,Friends,No,Worker_19,2024-07-14,Second Timer,Youth
101,Sarah Adeyemi,Male,1994-01-10,32,Entrepreneur,user101@gmail.com,+2348452194058,"Street 157, Ibadan",@user101,Social Media,Yes,Worker_15,2024-12-24,Second Timer,Adult
102,Michael Okeke,Male,2018-04-16,7,Student,user102@gmail.com,+2348139956218,"Street 78, Ibadan",@user102,Friends,Yes,Worker_4,2024-04-30,First Timer,Youth
103,Esther Okafor,Female,2006-08-07,19,Teacher,user103@gmail.com,+2348545478870,"Street 168, Ibadan",@user103,Social Media,No,Worker_20,2024-07-27,Second Timer,Youth
104,Grace Olawale,Female,1990-08-20,35,Developer,user104@gmail.com,+2348353524015,"Street 93, Ibadan",@user104,Social Media,No,Worker_18,2024-11-26,Second Timer,Adult
105,Michael Ibrahim,Male,1991-11-19,34,Engineer,user105@gmail.com,+2348984968439,"Street 117, Ibadan",@user105,Social Media,Yes,Worker_20,2024-01-11,First Timer,Adult
106,Grace Olawale,Male,2024-06-16,1,Trader,user106@gmail.com,+2348173669588,"Street 196, Ibadan",@user106,Others,Yes,Worker_19,2024-04-20,First Timer,Youth
107,David Abdullahi,Male,2003-11-27,22,Doctor,user107@gmail.com,+2348255357534,"Street 34, Ibadan",@user107,Others,No,Worker_6,2024-02-26,First Timer,Youth
108,John Okafor,Male,1995-01-29,31,Nurse,user108@gmail.com,+2348116944811,"Street 45, Ibadan",@user108,Friends,Yes,Worker_5,2024-08-03,First Timer,Adult
109,Mary Adeyemi,Female,2022-08-12,3,Nurse,user109@gmail.com,+2348651085057,"Street 152, Ibadan",@user109,Social Media,No,Worker_17,2024-04-23,First Timer,Youth
110,Paul Ibrahim,Female,2021-10-15,4,Student,user110@gmail.com,+2348165310776,"Street 123, Ibadan",@user110,Friends,No,Worker_4,2024-09-08,Second Timer,Youth
111,Mary Okafor,Male,1992-06-18,33,Engineer,user111@gmail.com,+2348235497187,"Street 71, Ibadan",@user111,Others,No,Worker_13,2024-11-01,Second Timer,Adult
112,Paul Abdullahi,Female,2009-07-08,16,Engineer,user112@gmail.com,+2348951580447,"Street 180, Ibadan",@user112,Social Media,Yes,Worker_14,2024-08-19,First Timer,Youth
113,Grace Adeyemi,Female,2007-09-23,18,Designer,user113@gmail.com,+2348883415470,"Street 25, Ibadan",@user113,Friends,No,Worker_11,2024-12-06,Second Timer,Youth
114,David Adeyemi,Male,2005-12-15,20,Engineer,user114@gmail.com,+2348993108266,"Street 22, Ibadan",@user114,Social Media,No,Worker_4,2024-07-09,First Timer,Youth
115,John Abdullahi,Female,2014-02-14,12,Engineer,user115@gmail.com,+2348541102414,"Street 91, Ibadan",@user115,Others,No,Worker_2,2024-05-27,Second Timer,Youth
116,Mary Abdullahi,Male,2004-12-09,21,Teacher,user116@gmail.com,+2348805165232,"Street 124, Ibadan",@user116,Social Media,Yes,Worker_12,2024-10-11,Second Timer,Youth
117,Daniel Abdullahi,Male,1994-04-27,31,Designer,user117@gmail.com,+2348702332331,"Street 197, Ibadan",@user117,Others,Yes,Worker_20,2024-12-02,Second Timer,Adult
118,David Ibrahim,Female,1990-06-19,35,Nurse,user118@gmail.com,+2348476908532,"Street 2, Ibadan",@user118,Social Media,Yes,Worker_19,2024-12-02,Second Timer,Adult
119,David Adebayo,Male,1992-04-15,33,Entrepreneur,user119@gmail.com,+2348330997172,"Street 97, Ibadan",@user119,Friends,No,Worker_11,2024-03-21,Second Timer,Adult
120,Grace Abdullahi,Male,2003-02-22,23,Student,user120@gmail.com,+2348267052653,"Street 41, Ibadan",@user120,Others,Yes,Worker_3,2024-05-19,Second Timer,Youth
121,Michael Adeyemi,Female,2018-11-10,7,Designer,user121@gmail.com,+2348393310667,"Street 56, Ibadan",@user121,Others,Yes,Worker_12,2024-08-08,First Timer,Youth
122,Ruth Adeyemi,Female,2001-11-14,24,Student,user122@gmail.com,+2348336779871,"Street 102, Ibadan",@user122,Others,Yes,Worker_1,2024-04-14,Second Timer,Youth
123,David Ibrahim,Female,1998-08-22,27,Nurse,user123@gmail.com,+2348228832213,"Street 2, Ibadan",@user123,Friends,No,Worker_6,2024-03-07,Second Timer,Youth
124,Sarah Eze,Female,2013-01-20,13,Engineer,user124@gmail.com,+2348526351920,"Street 190, Ibadan",@user124,Social Media,No,Worker_1,2024-08-23,First Timer,Youth
125,Ruth Ogunleye,Female,2003-03-18,23,Designer,user125@gmail.com,+2348410864588,"Street 30, Ibadan",@user125,Friends,Yes,Worker_11,2024-03-28,Second Timer,Youth
126,Grace Okeke,Female,2020-02-06,6,Engineer,user126@gmail.com,+2348361259074,"Street 112, Ibadan",@user126,Others,No,Worker_17,2024-02-10,Second Timer,Youth
127,Grace Olawale,Female,2003-01-31,23,Teacher,user127@gmail.com,+2348182011731,"Street 131, Ibadan",@user127,Others,Yes,Worker_17,2024-09-18,First Timer,Youth
128,Grace Okafor,Male,2023-12-26,2,Trader,user128@gmail.com,+2348210385522,"Street 38, Ibadan",@user128,Friends,Yes,Worker_6,2024-11-04,First Timer,Youth
129,Mary Balogun,Female,2023-04-08,2,Developer,user129@gmail.com,+2348910080036,"Street 145, Ibadan",@user129,Others,No,Worker_19,2024-11-25,Second Timer,Youth
130,Grace Balogun,Female,2017-04-20,8,Engineer,user130@gmail.com,+2348603500181,"Street 114, Ibadan",@user130,Others,No,Worker_9,2024-10-29,First Timer,Youth
131,Paul Okeke,Female,2004-12-14,21,Developer,user131@gmail.com,+2348585238820,"Street 10, Ibadan",@user131,Social Media,No,Worker_10,2024-02-09,First Timer,Youth
132,Ruth Eze,Female,2016-10-02,9,Developer,user132@gmail.com,+2348723123952,"Street 142, Ibadan",@user132,Others,Yes,Worker_15,2024-10-19,First Timer,Youth
133,Ruth Adeyemi,Male,2003-08-03,22,Student,user133@gmail.com,+2348583745511,"Street 27, Ibadan",@user133,Friends,Yes,Worker_17,2024-11-26,First Timer,Youth
134,Sarah Adeyemi,Female,1990-12-03,35,Entrepreneur,user134@gmail.com,+2348661296425,"Street 157, Ibadan",@user134,Social Media,No,Worker_12,2024-05-24,Second Timer,Adult
135,Grace Abdullahi,Male,2007-07-03,18,Nurse,user135@gmail.com,+2348170772317,"Street 85, Ibadan",@user135,Social Media,No,Worker_10,2024-05-09,First Timer,Youth
136,Mary Abdullahi,Male,2004-02-13,22,Nurse,user136@gmail.com,+2348433108786,"Street 168, Ibadan",@user136,Others,No,Worker_5,2024-10-31,First Timer,Youth
137,Paul Ogunleye,Female,2003-01-20,23,Teacher,user137@gmail.com,+2348819532005,"Street 180, Ibadan",@user137,Others,Yes,Worker_14,2024-09-17,Second Timer,Youth
138,Grace Ibrahim,Male,1989-12-25,36,Trader,user138@gmail.com,+2348466932310,"Street 197, Ibadan",@user138,Friends,Yes,Worker_8,2024-03-11,First Timer,Adult
139,Daniel Okeke,Male,1992-08-17,33,Nurse,user139@gmail.com,+2348922816526,"Street 159, Ibadan",@user139,Social Media,No,Worker_5,2024-03-24,First Timer,Adult
140,Ruth Balogun,Female,2020-03-30,5,Student,user140@gmail.com,+2348541156077,"Street 94, Ibadan",@user140,Others,Yes,Worker_15,2024-11-08,Second Timer,Youth
141,Esther Olawale,Male,2022-12-01,3,Doctor,user141@gmail.com,+2348968253265,"Street 121, Ibadan",@user141,Social Media,No,Worker_19,2024-08-13,Second Timer,Youth
142,Daniel Ogunleye,Female,2023-09-06,2,Teacher,user142@gmail.com,+2348977130288,"Street 52, Ibadan",@user142,Others,Yes,Worker_9,2024-01-27,Second Timer,Youth
143,Paul Okeke,Male,2005-10-25,20,Doctor,user143@gmail.com,+2348190060226,"Street 196, Ibadan",@user143,Social Media,No,Worker_15,2024-09-19,First Timer,Youth
144,Mary Olawale,Female,2008-10-15,17,Nurse,user144@gmail.com,+2348128636900,"Street 107, Ibadan",@user144,Social Media,No,Worker_17,2024-07-10,First Timer,Youth
145,Mary Okafor,Male,2006-06-27,19,Student,user145@gmail.com,+2348442185272,"Street 26, Ibadan",@user145,Others,No,Worker_5,2024-03-11,First Timer,Youth
146,Esther Balogun,Female,2002-01-13,24,Developer,user146@gmail.com,+2348760725160,"Street 2, Ibadan",@user146,Social Media,Yes,Worker_9,2024-04-20,First Timer,Youth
147,Ruth Eze,Female,2013-10-13,12,Engineer,user147@gmail.com,+2348933409017,"Street 74, Ibadan",@user147,Social Media,No,Worker_4,2024-01-25,First Timer,Youth
148,Ruth Adeyemi,Male,2007-12-31,18,Engineer,user148@gmail.com,+2348998386592,"Street 128, Ibadan",@user148,Others,Yes,Worker_17,2024-10-21,First Timer,Youth
149,David Ibrahim,Female,2021-05-25,4,Student,user149@gmail.com,+2348760146764,"Street 91, Ibadan",@user149,Social Media,No,Worker_6,2024-12-06,First Timer,Youth
150,Grace Okeke,Male,2012-08-24,13,Designer,user150@gmail.com,+2348604803700,"Street 12, Ibadan",@user150,Others,No,Worker_12,2024-05-09,First Timer,Youth
151,Mary Okafor,Male,2005-03-08,21,Engineer,user151@gmail.com,+2348928393291,"Street 149, Ibadan",@user151,Others,No,Worker_5,2024-01-23,Second Timer,Youth
152,Grace Balogun,Female,2013-08-28,12,Developer,user152@gmail.com,+2348778321204,"Street 47, Ibadan",@user152,Social Media,Yes,Worker_15,2024-01-19,Second Timer,Youth
153,John Olawale,Male,1998-03-17,28,Nurse,user153@gmail.com,+2348432941445,"Street 132, Ibadan",@user153,Friends,No,Worker_9,2024-01-19,First Timer,Youth
154,Grace Adebayo,Female,2001-12-31,24,Doctor,user154@gmail.com,+2348233654018,"Street 95, Ibadan",@user154,Friends,No,Worker_15,2024-07-16,Second Timer,Youth
155,Esther Adeyemi,Female,1997-07-18,28,Entrepreneur,user155@gmail.com,+2348386389162,"Street 22, Ibadan",@user155,Others,No,Worker_3,2024-08-08,First Timer,Youth
156,Daniel Okafor,Male,2013-08-20,12,Engineer,user156@gmail.com,+2348452101316,"Street 170, Ibadan",@user156,Friends,No,Worker_15,2024-11-04,Second Timer,Youth
157,Esther Okafor,Female,1996-08-22,29,Student,user157@gmail.com,+2348880411013,"Street 91, Ibadan",@user157,Others,No,Worker_9,2024-11-23,First Timer,Youth
158,Michael Okafor,Male,1992-07-13,33,Student,user158@gmail.com,+2348253308283,"Street 156, Ibadan",@user158,Others,No,Worker_2,2024-03-05,First Timer,Adult
159,Grace Okafor,Female,1999-10-02,26,Student,user159@gmail.com,+2348749715626,"Street 40, Ibadan",@user159,Others,No,Worker_12,2024-07-09,Second Timer,Youth
160,Mary Abdullahi,Male,2023-05-25,2,Entrepreneur,user160@gmail.com,+2348494009507,"Street 102, Ibadan",@user160,Friends,No,Worker_8,2024-02-28,First Timer,Youth
161,David Adeyemi,Female,2022-03-02,4,Entrepreneur,user161@gmail.com,+2348226444910,"Street 68, Ibadan",@user161,Friends,No,Worker_7,2024-11-09,Second Timer,Youth
162,Esther Olawale,Male,2020-04-18,5,Teacher,user162@gmail.com,+2348179512774,"Street 116, Ibadan",@user162,Social Media,No,Worker_3,2024-12-15,Second Timer,Youth
163,Grace Okeke,Female,2019-02-14,7,Doctor,user163@gmail.com,+2348269119969,"Street 183, Ibadan",@user163,Others,Yes,Worker_12,2024-09-17,First Timer,Youth
164,Sarah Balogun,Male,1994-08-11,31,Developer,user164@gmail.com,+2348128222260,"Street 93, Ibadan",@user164,Others,No,Worker_15,2024-10-09,First Timer,Adult
165,Mary Okeke,Female,2016-08-13,9,Designer,user165@gmail.com,+2348869801588,"Street 185, Ibadan",@user165,Friends,No,Worker_14,2024-10-21,First Timer,Youth
166,Grace Okeke,Female,1994-10-15,31,Developer,user166@gmail.com,+2348830261466,"Street 133, Ibadan",@user166,Friends,Yes,Worker_18,2024-11-23,First Timer,Adult
167,David Ogunleye,Male,2023-08-10,2,Engineer,user167@gmail.com,+2348656307931,"Street 40, Ibadan",@user167,Friends,Yes,Worker_6,2024-06-14,First Timer,Youth
168,Paul Ibrahim,Male,2004-09-08,21,Doctor,user168@gmail.com,+2348310777576,"Street 163, Ibadan",@user168,Others,No,Worker_5,2024-11-16,Second Timer,Youth
169,Paul Okeke,Male,2016-09-22,9,Teacher,user169@gmail.com,+2348283825267,"Street 169, Ibadan",@user169,Others,No,Worker_19,2024-01-22,First Timer,Youth
170,John Abdullahi,Female,1992-10-22,33,Trader,user170@gmail.com,+2348923515952,"Street 147, Ibadan",@user170,Friends,Yes,Worker_16,2024-11-17,Second Timer,Adult
171,Daniel Adeyemi,Male,2017-12-17,8,Designer,user171@gmail.com,+2348419367188,"Street 117, Ibadan",@user171,Social Media,Yes,Worker_6,2024-08-13,Second Timer,Youth
172,Esther Olawale,Female,2010-11-20,15,Teacher,user172@gmail.com,+2348435632899,"Street 184, Ibadan",@user172,Friends,No,Worker_13,2024-03-07,Second Timer,Youth
173,Paul Okeke,Female,2012-04-07,13,Trader,user173@gmail.com,+2348600871106,"Street 32, Ibadan",@user173,Friends,No,Worker_8,2024-03-13,First Timer,Youth
174,Daniel Ogunleye,Female,1991-06-09,34,Trader,user174@gmail.com,+2348271476207,"Street 84, Ibadan",@user174,Others,No,Worker_7,2024-03-22,Second Timer,Adult
175,Esther Adeyemi,Female,2012-04-03,13,Developer,user175@gmail.com,+2348124885365,"Street 24, Ibadan",@user175,Friends,No,Worker_8,2024-04-20,Second Timer,Youth
176,John Ibrahim,Female,1991-05-08,34,Developer,user176@gmail.com,+2348406819991,"Street 138, Ibadan",@user176,Social Media,Yes,Worker_14,2024-03-09,Second Timer,Adult
177,Grace Ogunleye,Female,2021-10-19,4,Student,user177@gmail.com,+2348530121245,"Street 14, Ibadan",@user177,Others,Yes,Worker_12,2024-10-10,Second Timer,Youth
178,Michael Eze,Female,1992-06-18,33,Entrepreneur,user178@gmail.com,+2348400347789,"Street 160, Ibadan",@user178,Others,Yes,Worker_5,2024-02-19,Second Timer,Adult
179,Grace Eze,Female,2005-11-27,20,Teacher,user179@gmail.com,+2348313736772,"Street 155, Ibadan",@user179,Others,No,Worker_17,2024-01-21,First Timer,Youth
180,David Okafor,Female,1990-11-29,35,Entrepreneur,user180@gmail.com,+2348590687732,"Street 39, Ibadan",@user180,Others,Yes,Worker_11,2024-11-09,Second Timer,Adult
181,Michael Abdullahi,Female,1996-06-15,29,Nurse,user181@gmail.com,+2348644725317,"Street 131, Ibadan",@user181,Others,No,Worker_19,2024-06-02,Second Timer,Youth
182,Grace Okafor,Male,1989-11-29,36,Designer,user182@gmail.com,+2348726745401,"Street 79, Ibadan",@user182,Others,Yes,Worker_20,2024-08-30,Second Timer,Adult
183,Ruth Abdullahi,Male,2018-07-29,7,Student,user183@gmail.com,+2348726553348,"Street 123, Ibadan",@user183,Social Media,No,Worker_5,2024-12-14,First Timer,Youth
184,Ruth Okeke,Male,1990-08-01,35,Student,user184@gmail.com,+2348573561557,"Street 81, Ibadan",@user184,Friends,Yes,Worker_14,2024-12-19,First Timer,Adult
185,Paul Abdullahi,Female,2007-07-29,18,Student,user185@gmail.com,+2348857820386,"Street 36, Ibadan",@user185,Others,Yes,Worker_18,2024-06-15,Second Timer,Youth
186,Michael Okafor,Male,2012-09-26,13,Developer,user186@gmail.com,+2348672440825,"Street 88, Ibadan",@user186,Others,No,Worker_9,2024-11-08,Second Timer,Youth
187,Sarah Ibrahim,Female,1997-10-16,28,Trader,user187@gmail.com,+2348419561201,"Street 198, Ibadan",@user187,Friends,Yes,Worker_16,2024-06-11,Second Timer,Youth
188,Paul Ibrahim,Female,2004-10-23,21,Engineer,user188@gmail.com,+2348715766024,"Street 174, Ibadan",@user188,Others,No,Worker_13,2024-06-25,First Timer,Youth
189,John Ibrahim,Male,2002-03-12,24,Nurse,user189@gmail.com,+2348574997731,"Street 168, Ibadan",@user189,Friends,No,Worker_7,2024-04-13,Second Timer,Youth
190,Daniel Balogun,Male,2014-05-18,11,Trader,user190@gmail.com,+2348360337343,"Street 13, Ibadan",@user190,Others,Yes,Worker_8,2024-01-27,First Timer,Youth
191,Grace Adeyemi,Male,2007-09-15,18,Teacher,user191@gmail.com,+2348105563528,"Street 141, Ibadan",@user191,Social Media,No,Worker_16,2024-09-01,First Timer,Youth
192,Daniel Okafor,Female,2023-01-27,3,Student,user192@gmail.com,+2348925412179,"Street 23, Ibadan",@user192,Others,Yes,Worker_18,2024-01-20,First Timer,Youth
193,David Adebayo,Female,2007-11-29,18,Developer,user193@gmail.com,+2348300050585,"Street 192, Ibadan",@user193,Friends,Yes,Worker_1,2024-06-01,First Timer,Youth
194,Daniel Adeyemi,Female,2004-03-12,22,Teacher,user194@gmail.com,+2348641394238,"Street 120, Ibadan",@user194,Friends,Yes,Worker_4,2024-06-18,First Timer,Youth
195,Esther Ibrahim,Male,2021-12-17,4,Student,user195@gmail.com,+2348890937440,"Street 87, Ibadan",@user195,Friends,Yes,Worker_6,2024-11-08,Second Timer,Youth
196,Paul Okafor,Male,2008-05-08,17,Designer,user196@gmail.com,+2348818608005,"Street 25, Ibadan",@user196,Social Media,Yes,Worker_16,2024-06-14,First Timer,Youth
197,Daniel Ogunleye,Male,1989-06-21,36,Developer,user197@gmail.com,+2348909340042,"Street 69, Ibadan",@user197,Friends,No,Worker_19,2024-10-20,First Timer,Adult
198,Grace Olawale,Male,2000-11-24,25,Engineer,user198@gmail.com,+2348599714064,"Street 79, Ibadan",@user198,Social Media,No,Worker_17,2024-12-26,Second Timer,Youth
199,Mary Ibrahim,Female,2020-02-17,6,Trader,user199@gmail.com,+2348335287540,"Street 35, Ibadan",@user199,Friends,Yes,Worker_15,2024-11-06,Second Timer,Youth
200,Paul Adeyemi,Male,2007-10-27,18,Trader,user200@gmail.com,+2348830511568,"Street 194, Ibadan",@user200,Others,Yes,Worker_17,2024-08-16,Second Timer,Youth
201,Ruth Okeke,Male,1992-09-01,33,Entrepreneur,user201@gmail.com,+2348642762599,"Street 52, Ibadan",@user201,Others,Yes,Worker_6,2024-06-16,Second Timer,Adult
202,Sarah Abdullahi,Female,1994-05-19,31,Engineer,user202@gmail.com,+2348648011361,"Street 115, Ibadan",@user202,Social Media,No,Worker_5,2024-09-19,Second Timer,Adult
203,Ruth Adebayo,Female,2009-08-28,16,Doctor,user203@gmail.com,+2348876616079,"Street 6, Ibadan",@user203,Friends,No,Worker_1,2024-04-21,First Timer,Youth
204,Michael Okafor,Male,1991-03-14,35,Entrepreneur,user204@gmail.com,+2348164698991,"Street 18, Ibadan",@user204,Friends,Yes,Worker_10,2024-07-28,First Timer,Adult
205,David Ogunleye,Female,2023-08-29,2,Designer,user205@gmail.com,+2348581613078,"Street 97, Ibadan",@user205,Friends,Yes,Worker_18,2024-03-09,Second Timer,Youth
206,David Eze,Female,1994-06-27,31,Entrepreneur,user206@gmail.com,+2348236737888,"Street 187, Ibadan",@user206,Social Media,Yes,Worker_1,2024-06-01,Second Timer,Adult
207,Paul Ogunleye,Female,2019-05-18,6,Trader,user207@gmail.com,+2348365764028,"Street 118, Ibadan",@user207,Friends,Yes,Worker_9,2024-04-06,First Timer,Youth
208,Michael Abdullahi,Male,1990-08-11,35,Trader,user208@gmail.com,+2348321278458,"Street 18, Ibadan",@user208,Social Media,Yes,Worker_15,2024-11-02,First Timer,Adult
209,John Ogunleye,Female,2000-02-22,26,Trader,user209@gmail.com,+2348679562681,"Street 56, Ibadan",@user209,Social Media,Yes,Worker_17,2024-05-28,First Timer,Youth
210,Ruth Okafor,Female,2021-12-24,4,Trader,user210@gmail.com,+2348424017094,"Street 37, Ibadan",@user210,Others,Yes,Worker_14,2024-06-02,Second Timer,Youth
211,Paul Abdullahi,Male,1991-11-25,34,Designer,user211@gmail.com,+2348696840109,"Street 127, Ibadan",@user211,Social Media,No,Worker_13,2024-09-25,Second Timer,Adult
212,Michael Ogunleye,Male,2020-05-26,5,Doctor,user212@gmail.com,+2348504221050,"Street 48, Ibadan",@user212,Others,No,Worker_8,2024-04-25,Second Timer,Youth
213,David Adeyemi,Male,2020-11-26,5,Entrepreneur,user213@gmail.com,+2348543109075,"Street 107, Ibadan",@user213,Others,Yes,Worker_13,2024-05-04,Second Timer,Youth
214,Grace Okeke,Female,1998-04-15,27,Nurse,user214@gmail.com,+2348199282456,"Street 138, Ibadan",@user214,Others,Yes,Worker_2,2024-05-17,Second Timer,Youth
215,Ruth Abdullahi,Male,2019-05-21,6,Engineer,user215@gmail.com,+2348302038796,"Street 195, Ibadan",@user215,Others,Yes,Worker_16,2024-04-16,Second Timer,Youth
216,John Olawale,Male,2002-10-07,23,Engineer,user216@gmail.com,+2348901955461,"Street 194, Ibadan",@user216,Friends,Yes,Worker_20,2024-12-26,First Timer,Youth
217,Sarah Eze,Female,2006-12-16,19,Doctor,user217@gmail.com,+2348508732434,"Street 120, Ibadan",@user217,Others,No,Worker_10,2024-05-13,Second Timer,Youth
218,Esther Adeyemi,Male,2012-03-02,14,Developer,user218@gmail.com,+2348917792874,"Street 82, Ibadan",@user218,Social Media,No,Worker_11,2024-07-30,First Timer,Youth
219,Sarah Balogun,Male,2014-05-26,11,Doctor,user219@gmail.com,+2348694113766,"Street 150, Ibadan",@user219,Others,No,Worker_10,2024-03-19,First Timer,Youth
220,Sarah Ogunleye,Male,2003-12-18,22,Developer,user220@gmail.com,+2348691247918,"Street 168, Ibadan",@user220,Others,No,Worker_9,2024-09-07,Second Timer,Youth
221,David Okafor,Male,2009-11-02,16,Teacher,user221@gmail.com,+2348873430762,"Street 140, Ibadan",@user221,Friends,Yes,Worker_18,2024-11-24,First Timer,Youth
222,John Okeke,Male,2012-09-01,13,Student,user222@gmail.com,+2348542802779,"Street 36, Ibadan",@user222,Others,Yes,Worker_3,2024-12-28,First Timer,Youth
223,Sarah Eze,Female,1989-07-29,36,Nurse,user223@gmail.com,+2348164907817,"Street 159, Ibadan",@user223,Others,No,Worker_16,2024-01-09,First Timer,Adult
224,Paul Ogunleye,Male,2013-01-14,13,Student,user224@gmail.com,+2348668457864,"Street 185, Ibadan",@user224,Friends,No,Worker_1,2024-09-14,Second Timer,Youth
225,Mary Okeke,Male,1997-03-17,29,Trader,user225@gmail.com,+2348306085476,"Street 159, Ibadan",@user225,Others,No,Worker_12,2024-05-16,Second Timer,Youth
226,Grace Ogunleye,Female,1992-09-16,33,Trader,user226@gmail.com,+2348848651792,"Street 58, Ibadan",@user226,Friends,Yes,Worker_2,2024-02-17,Second Timer,Adult
227,Michael Eze,Female,2006-03-06,20,Student,user227@gmail.com,+2348783703040,"Street 3, Ibadan",@user227,Others,Yes,Worker_3,2024-09-12,Second Timer,Youth
228,Grace Abdullahi,Male,2018-02-04,8,Entrepreneur,user228@gmail.com,+2348145689604,"Street 59, Ibadan",@user228,Social Media,No,Worker_9,2024-01-24,First Timer,Youth
229,Daniel Eze,Male,2019-11-13,6,Teacher,user229@gmail.com,+2348437675369,"Street 5, Ibadan",@user229,Social Media,Yes,Worker_13,2024-02-09,Second Timer,Youth
230,Ruth Olawale,Female,1996-06-14,29,Entrepreneur,user230@gmail.com,+2348456192204,"Street 99, Ibadan",@user230,Others,Yes,Worker_3,2024-09-13,Second Timer,Youth
231,Mary Ogunleye,Male,1991-07-29,34,Engineer,user231@gmail.com,+2348465708674,"Street 155, Ibadan",@user231,Others,No,Worker_11,2024-01-16,Second Timer,Adult
232,Esther Adeyemi,Male,2024-04-24,1,Nurse,user232@gmail.com,+2348693819730,"Street 97, Ibadan",@user232,Friends,Yes,Worker_19,2024-12-04,Second Timer,Youth
233,Ruth Ibrahim,Male,1993-01-04,33,Engineer,user233@gmail.com,+2348188087644,"Street 69, Ibadan",@user233,Social Media,No,Worker_5,2024-07-18,Second Timer,Adult
234,Mary Okeke,Male,2005-05-06,20,Doctor,user234@gmail.com,+2348577531502,"Street 93, Ibadan",@user234,Friends,Yes,Worker_5,2024-02-14,First Timer,Youth
235,Esther Eze,Female,2008-07-01,17,Engineer,user235@gmail.com,+2348128198506,"Street 23, Ibadan",@user235,Friends,Yes,Worker_20,2024-11-02,Second Timer,Youth
236,John Ibrahim,Female,2006-06-12,19,Designer,user236@gmail.com,+2348936626463,"Street 22, Ibadan",@user236,Others,Yes,Worker_19,2024-09-23,First Timer,Youth
237,Michael Balogun,Male,2019-11-28,6,Doctor,user237@gmail.com,+2348423337234,"Street 69, Ibadan",@user237,Friends,Yes,Worker_3,2024-03-26,Second Timer,Youth
238,Michael Ibrahim,Female,2001-07-18,24,Engineer,user238@gmail.com,+2348487754927,"Street 65, Ibadan",@user238,Social Media,No,Worker_20,2024-11-11,First Timer,Youth
239,Mary Balogun,Female,2009-09-14,16,Student,user239@gmail.com,+2348524871030,"Street 86, Ibadan",@user239,Others,No,Worker_11,2024-08-13,Second Timer,Youth
240,Ruth Balogun,Female,2008-06-25,17,Nurse,user240@gmail.com,+2348747693166,"Street 178, Ibadan",@user240,Social Media,No,Worker_11,2024-03-31,Second Timer,Youth
241,Daniel Adeyemi,Male,2003-06-25,22,Nurse,user241@gmail.com,+2348503786306,"Street 72, Ibadan",@user241,Friends,No,Worker_4,2024-10-15,First Timer,Youth
242,Paul Balogun,Male,2015-09-25,10,Developer,user242@gmail.com,+2348860603328,"Street 54, Ibadan",@user242,Friends,No,Worker_3,2024-07-28,Second Timer,Youth
243,Daniel Olawale,Female,1995-05-30,30,Teacher,user243@gmail.com,+2348867979226,"Street 109, Ibadan",@user243,Friends,Yes,Worker_15,2024-11-02,Second Timer,Adult
244,Michael Eze,Female,2015-04-14,10,Entrepreneur,user244@gmail.com,+2348139476288,"Street 93, Ibadan",@user244,Others,Yes,Worker_4,2024-05-07,Second Timer,Youth
245,Ruth Adebayo,Female,1996-08-17,29,Nurse,user245@gmail.com,+2348954946593,"Street 111, Ibadan",@user245,Social Media,Yes,Worker_4,2024-05-12,First Timer,Youth
246,Paul Eze,Male,2012-01-27,14,Developer,user246@gmail.com,+2348501707828,"Street 101, Ibadan",@user246,Friends,Yes,Worker_12,2024-01-13,Second Timer,Youth
247,Daniel Ogunleye,Male,1993-11-08,32,Engineer,user247@gmail.com,+2348992620629,"Street 187, Ibadan",@user247,Social Media,No,Worker_10,2024-06-24,Second Timer,Adult
248,Sarah Eze,Female,2024-05-06,1,Nurse,user248@gmail.com,+2348611275626,"Street 25, Ibadan",@user248,Friends,No,Worker_11,2024-02-04,Second Timer,Youth
249,Mary Adebayo,Female,1991-03-04,35,Engineer,user249@gmail.com,+2348827072823,"Street 43, Ibadan",@user249,Others,Yes,Worker_17,2024-03-30,First Timer,Adult
250,Paul Ogunleye,Female,2004-01-05,22,Trader,user250@gmail.com,+2348956583753,"Street 104, Ibadan",@user250,Others,Yes,Worker_6,2024-11-23,Second Timer,Youth
251,John Abdullahi,Male,2006-11-29,19,Developer,user251@gmail.com,+2348735873300,"Street 110, Ibadan",@user251,Friends,Yes,Worker_7,2024-04-15,Second Timer,Youth
252,Mary Abdullahi,Male,2022-11-30,3,Entrepreneur,user252@gmail.com,+2348300746596,"Street 94, Ibadan",@user252,Friends,Yes,Worker_15,2024-02-28,Second Timer,Youth
253,Esther Eze,Female,2019-04-02,6,Designer,user253@gmail.com,+2348756387421,"Street 101, Ibadan",@user253,Others,Yes,Worker_12,2024-06-29,Second Timer,Youth
254,David Ibrahim,Male,2016-11-09,9,Teacher,user254@gmail.com,+2348436280635,"Street 31, Ibadan",@user254,Social Media,No,Worker_4,2024-04-03,Second Timer,Youth
255,David Eze,Female,2020-04-09,5,Designer,user255@gmail.com,+2348740407346,"Street 36, Ibadan",@user255,Others,No,Worker_14,2024-04-05,Second Timer,Youth
256,Paul Balogun,Male,2017-09-03,8,Developer,user256@gmail.com,+2348410133983,"Street 36, Ibadan",@user256,Social Media,No,Worker_15,2024-11-13,First Timer,Youth
257,John Adeyemi,Male,2005-04-09,20,Trader,user257@gmail.com,+2348975331448,"Street 99, Ibadan",@user257,Others,No,Worker_14,2024-12-16,Second Timer,Youth
258,Esther Adeyemi,Male,2007-10-23,18,Engineer,user258@gmail.com,+2348707091264,"Street 8, Ibadan",@user258,Social Media,No,Worker_2,2024-05-20,First Timer,Youth
259,Daniel Balogun,Female,2013-04-13,12,Developer,user259@gmail.com,+2348690263993,"Street 131, Ibadan",@user259,Social Media,Yes,Worker_9,2024-10-05,Second Timer,Youth
260,John Adeyemi,Male,2013-06-24,12,Designer,user260@gmail.com,+2348209968815,"Street 189, Ibadan",@user260,Others,Yes,Worker_10,2024-01-17,Second Timer,Youth
261,Grace Okeke,Female,2000-12-14,25,Engineer,user261@gmail.com,+2348932828137,"Street 61, Ibadan",@user261,Social Media,No,Worker_20,2024-11-19,Second Timer,Youth
262,Ruth Balogun,Male,1996-08-11,29,Trader,user262@gmail.com,+2348964835149,"Street 16, Ibadan",@user262,Others,No,Worker_18,2024-05-23,First Timer,Youth
263,Daniel Ibrahim,Female,2003-09-07,22,Entrepreneur,user263@gmail.com,+2348829392084,"Street 25, Ibadan",@user263,Social Media,No,Worker_2,2024-05-21,First Timer,Youth
264,David Olawale,Male,2020-08-18,5,Nurse,user264@gmail.com,+2348989575564,"Street 64, Ibadan",@user264,Others,No,Worker_16,2024-03-13,Second Timer,Youth
265,Michael Ogunleye,Female,2017-04-30,8,Engineer,user265@gmail.com,+2348780352629,"Street 197, Ibadan",@user265,Social Media,No,Worker_17,2024-05-22,Second Timer,Youth
266,Esther Okafor,Male,2009-07-24,16,Engineer,user266@gmail.com,+2348884832186,"Street 118, Ibadan",@user266,Others,No,Worker_3,2024-09-30,Second Timer,Youth
267,Michael Olawale,Female,1998-12-08,27,Doctor,user267@gmail.com,+2348446673808,"Street 73, Ibadan",@user267,Friends,Yes,Worker_19,2024-09-05,Second Timer,Youth
268,John Adebayo,Male,2019-10-13,6,Developer,user268@gmail.com,+2348117481970,"Street 32, Ibadan",@user268,Social Media,No,Worker_15,2024-01-01,Second Timer,Youth
269,David Ibrahim,Male,1998-03-29,27,Doctor,user269@gmail.com,+2348200223044,"Street 168, Ibadan",@user269,Friends,No,Worker_3,2024-07-09,First Timer,Youth
270,Michael Ibrahim,Male,1991-06-28,34,Designer,user270@gmail.com,+2348803821904,"Street 24, Ibadan",@user270,Others,Yes,Worker_1,2024-04-19,Second Timer,Adult
271,David Abdullahi,Male,1992-08-29,33,Entrepreneur,user271@gmail.com,+2348830125895,"Street 114, Ibadan",@user271,Social Media,Yes,Worker_11,2024-03-02,Second Timer,Adult
272,David Adeyemi,Male,2020-04-19,5,Trader,user272@gmail.com,+2348511318205,"Street 23, Ibadan",@user272,Others,Yes,Worker_4,2024-06-09,Second Timer,Youth
273,David Ogunleye,Male,2002-08-03,23,Teacher,user273@gmail.com,+2348173456403,"Street 136, Ibadan",@user273,Others,Yes,Worker_20,2024-11-28,First Timer,Youth
274,Grace Olawale,Male,2008-11-27,17,Designer,user274@gmail.com,+2348761506578,"Street 176, Ibadan",@user274,Friends,Yes,Worker_3,2024-02-21,First Timer,Youth
275,Mary Abdullahi,Female,2022-12-02,3,Nurse,user275@gmail.com,+2348561052655,"Street 81, Ibadan",@user275,Social Media,Yes,Worker_9,2024-11-26,First Timer,Youth
276,Paul Abdullahi,Female,2000-04-18,25,Student,user276@gmail.com,+2348806957378,"Street 78, Ibadan",@user276,Social Media,Yes,Worker_13,2024-05-31,First Timer,Youth
277,Sarah Adeyemi,Female,2024-04-28,1,Engineer,user277@gmail.com,+2348358859561,"Street 128, Ibadan",@user277,Others,Yes,Worker_17,2024-01-07,Second Timer,Youth
278,David Ogunleye,Female,2003-05-13,22,Nurse,user278@gmail.com,+2348686645526,"Street 175, Ibadan",@user278,Social Media,No,Worker_3,2024-01-09,First Timer,Youth
279,Daniel Olawale,Male,1989-10-13,36,Student,user279@gmail.com,+2348947493681,"Street 102, Ibadan",@user279,Others,No,Worker_17,2024-07-31,Second Timer,Adult
280,Michael Okeke,Male,2020-08-24,5,Doctor,user280@gmail.com,+2348189761677,"Street 80, Ibadan",@user280,Social Media,Yes,Worker_5,2024-10-01,Second Timer,Youth
281,Ruth Okeke,Female,2006-09-10,19,Designer,user281@gmail.com,+2348883786839,"Street 62, Ibadan",@user281,Social Media,Yes,Worker_3,2024-08-10,First Timer,Youth
282,Ruth Abdullahi,Male,2009-07-03,16,Doctor,user282@gmail.com,+2348815197502,"Street 190, Ibadan",@user282,Others,Yes,Worker_4,2024-01-07,First Timer,Youth
283,John Balogun,Female,2020-08-19,5,Nurse,user283@gmail.com,+2348661572729,"Street 133, Ibadan",@user283,Others,No,Worker_6,2024-07-09,First Timer,Youth
284,Daniel Okeke,Male,2022-10-19,3,Nurse,user284@gmail.com,+2348966625455,"Street 110, Ibadan",@user284,Friends,Yes,Worker_9,2024-12-30,First Timer,Youth
285,Esther Eze,Female,2011-06-03,14,Student,user285@gmail.com,+2348636452156,"Street 146, Ibadan",@user285,Social Media,No,Worker_6,2024-05-10,First Timer,Youth
286,Mary Olawale,Male,2014-11-28,11,Student,user286@gmail.com,+2348113194223,"Street 63, Ibadan",@user286,Social Media,No,Worker_12,2024-07-15,First Timer,Youth
287,John Eze,Female,1997-03-12,29,Trader,user287@gmail.com,+2348445532283,"Street 64, Ibadan",@user287,Friends,No,Worker_9,2024-02-09,Second Timer,Youth
288,Paul Adebayo,Male,1994-07-10,31,Trader,user288@gmail.com,+2348963651372,"Street 133, Ibadan",@user288,Social Media,No,Worker_3,2024-08-26,Second Timer,Adult
289,Daniel Okafor,Male,2023-11-12,2,Entrepreneur,user289@gmail.com,+2348590427473,"Street 3, Ibadan",@user289,Friends,Yes,Worker_10,2024-10-15,Second Timer,Youth
290,Ruth Olawale,Female,2022-05-05,3,Nurse,user290@gmail.com,+2348735323297,"Street 127, Ibadan",@user290,Social Media,Yes,Worker_5,2024-01-04,Second Timer,Youth
291,Sarah Eze,Female,1990-03-28,35,Student,user291@gmail.com,+2348459722166,"Street 1, Ibadan",@user291,Others,No,Worker_10,2024-02-23,First Timer,Adult
292,Sarah Ogunleye,Female,2012-12-06,13,Student,user292@gmail.com,+2348252872361,"Street 183, Ibadan",@user292,Friends,Yes,Worker_2,2024-04-28,Second Timer,Youth
293,Grace Adeyemi,Male,2020-08-08,5,Engineer,user293@gmail.com,+2348642698931,"Street 35, Ibadan",@user293,Others,No,Worker_3,2024-10-30,First Timer,Youth
294,David Olawale,Female,2008-09-04,17,Doctor,user294@gmail.com,+2348438238241,"Street 101, Ibadan",@user294,Others,No,Worker_11,2024-08-19,Second Timer,Youth
295,Mary Olawale,Male,1999-08-24,26,Engineer,user295@gmail.com,+2348266870811,"Street 28, Ibadan",@user295,Social Media,No,Worker_15,2024-06-09,Second Timer,Youth
296,Paul Okafor,Male,1994-08-01,31,Developer,user296@gmail.com,+2348431042889,"Street 119, Ibadan",@user296,Friends,Yes,Worker_3,2024-03-21,Second Timer,Adult
297,Ruth Adebayo,Male,2020-10-10,5,Nurse,user297@gmail.com,+2348259261469,"Street 24, Ibadan",@user297,Others,Yes,Worker_12,2024-07-21,First Timer,Youth
298,Daniel Ibrahim,Male,2019-07-17,6,Student,user298@gmail.com,+2348534212844,"Street 116, Ibadan",@user298,Others,Yes,Worker_4,2024-08-24,First Timer,Youth
299,Mary Adebayo,Male,1995-06-09,30,Trader,user299@gmail.com,+2348240354421,"Street 51, Ibadan",@user299,Friends,No,Worker_3,2024-10-25,Second Timer,Adult
300,John Okeke,Male,1992-07-12,33,Developer,user300@gmail.com,+2348968977829,"Street 33, Ibadan",@user300,Social Media,No,Worker_4,2024-01-22,Second Timer,Adult
301,David Abdullahi,Female,1991-06-09,34,Designer,user301@gmail.com,+2348632711663,"Street 8, Ibadan",@user301,Friends,No,Worker_6,2024-06-30,First Timer,Adult
302,Daniel Ibrahim,Female,1997-07-24,28,Teacher,user302@gmail.com,+2348137204552,"Street 158, Ibadan",@user302,Others,Yes,Worker_10,2024-09-12,Second Timer,Youth
303,Esther Adebayo,Male,2013-11-13,12,Doctor,user303@gmail.com,+2348511259527,"Street 36, Ibadan",@user303,Friends,Yes,Worker_17,2024-05-07,First Timer,Youth
304,Grace Adeyemi,Female,2006-04-28,19,Nurse,user304@gmail.com,+2348707363258,"Street 129, Ibadan",@user304,Friends,No,Worker_9,2024-04-02,First Timer,Youth
305,Ruth Olawale,Male,2003-06-21,22,Doctor,user305@gmail.com,+2348162911855,"Street 121, Ibadan",@user305,Others,No,Worker_19,2024-04-29,First Timer,Youth
306,Sarah Olawale,Female,1993-08-28,32,Entrepreneur,user306@gmail.com,+2348976479512,"Street 189, Ibadan",@user306,Social Media,Yes,Worker_19,2024-07-17,Second Timer,Adult
307,David Olawale,Female,1996-12-16,29,Nurse,user307@gmail.com,+2348735185398,"Street 8, Ibadan",@user307,Others,No,Worker_19,2024-10-15,First Timer,Youth
308,Sarah Adeyemi,Female,2014-06-04,11,Teacher,user308@gmail.com,+2348626602103,"Street 10, Ibadan",@user308,Social Media,Yes,Worker_8,2024-11-04,First Timer,Youth
309,Paul Adeyemi,Male,1990-01-22,36,Nurse,user309@gmail.com,+2348759422189,"Street 52, Ibadan",@user309,Social Media,No,Worker_6,2024-06-14,First Timer,Adult
310,David Abdullahi,Male,1990-02-24,36,Engineer,user310@gmail.com,+2348665104817,"Street 94, Ibadan",@user310,Social Media,No,Worker_13,2024-10-27,First Timer,Adult
311,Daniel Okafor,Male,2004-04-06,21,Teacher,user311@gmail.com,+2348886356993,"Street 112, Ibadan",@user311,Others,No,Worker_11,2024-03-30,Second Timer,Youth
312,Ruth Balogun,Female,1999-03-07,27,Doctor,user312@gmail.com,+2348888121101,"Street 177, Ibadan",@user312,Friends,Yes,Worker_6,2024-01-01,Second Timer,Youth
313,Ruth Adebayo,Male,2023-09-29,2,Nurse,user313@gmail.com,+2348968449816,"Street 157, Ibadan",@user313,Social Media,Yes,Worker_16,2024-03-13,Second Timer,Youth
314,Mary Olawale,Female,2022-08-07,3,Nurse,user314@gmail.com,+2348280267742,"Street 163, Ibadan",@user314,Social Media,No,Worker_15,2024-01-06,Second Timer,Youth
315,Sarah Okeke,Female,1998-07-28,27,Doctor,user315@gmail.com,+2348945056299,"Street 28, Ibadan",@user315,Others,Yes,Worker_2,2024-07-16,Second Timer,Youth
316,Michael Balogun,Female,2022-01-10,4,Developer,user316@gmail.com,+2348506639535,"Street 90, Ibadan",@user316,Others,No,Worker_4,2024-09-02,First Timer,Youth
317,Esther Okeke,Male,1996-06-17,29,Doctor,user317@gmail.com,+2348121558591,"Street 82, Ibadan",@user317,Friends,Yes,Worker_3,2024-06-24,First Timer,Youth
318,David Okeke,Male,2006-01-03,20,Nurse,user318@gmail.com,+2348737835435,"Street 158, Ibadan",@user318,Friends,Yes,Worker_14,2024-11-30,First Timer,Youth
319,Michael Balogun,Male,2016-05-29,9,Engineer,user319@gmail.com,+2348455510103,"Street 53, Ibadan",@user319,Social Media,No,Worker_18,2024-10-03,Second Timer,Youth
320,Daniel Ibrahim,Male,2018-10-19,7,Engineer,user320@gmail.com,+2348153295652,"Street 101, Ibadan",@user320,Others,No,Worker_5,2024-01-28,Second Timer,Youth
321,Michael Okeke,Female,1989-05-03,36,Developer,user321@gmail.com,+2348314399191,"Street 25, Ibadan",@user321,Social Media,Yes,Worker_6,2024-11-22,Second Timer,Adult
322,Esther Okeke,Female,1992-11-03,33,Designer,user322@gmail.com,+2348605672755,"Street 126, Ibadan",@user322,Others,No,Worker_3,2024-11-24,Second Timer,Adult
323,Grace Ogunleye,Female,1997-06-17,28,Teacher,user323@gmail.com,+2348578647558,"Street 12, Ibadan",@user323,Friends,No,Worker_15,2024-05-14,First Timer,Youth
324,Ruth Adebayo,Male,2001-03-19,25,Engineer,user324@gmail.com,+2348192027526,"Street 172, Ibadan",@user324,Friends,No,Worker_19,2024-04-26,First Timer,Youth
325,Paul Ogunleye,Female,2006-07-13,19,Trader,user325@gmail.com,+2348611382735,"Street 77, Ibadan",@user325,Social Media,No,Worker_2,2024-09-14,First Timer,Youth
326,Esther Balogun,Male,1994-07-24,31,Trader,user326@gmail.com,+2348968078090,"Street 50, Ibadan",@user326,Social Media,Yes,Worker_14,2024-02-10,Second Timer,Adult
327,David Abdullahi,Female,1998-03-23,28,Nurse,user327@gmail.com,+2348880720904,"Street 18, Ibadan",@user327,Social Media,No,Worker_18,2024-07-22,Second Timer,Youth
328,Paul Adeyemi,Male,2001-07-22,24,Entrepreneur,user328@gmail.com,+2348939328588,"Street 108, Ibadan",@user328,Social Media,No,Worker_5,2024-03-16,First Timer,Youth
329,Ruth Okeke,Female,1993-11-26,32,Entrepreneur,user329@gmail.com,+2348469226717,"Street 106, Ibadan",@user329,Friends,No,Worker_16,2024-10-19,Second Timer,Adult
330,David Ibrahim,Female,1990-11-05,35,Teacher,user330@gmail.com,+2348763834967,"Street 156, Ibadan",@user330,Others,No,Worker_2,2024-07-21,Second Timer,Adult
331,Sarah Adebayo,Female,2020-02-21,6,Doctor,user331@gmail.com,+2348499905152,"Street 6, Ibadan",@user331,Friends,No,Worker_10,2024-05-23,Second Timer,Youth
332,Mary Olawale,Male,2020-05-24,5,Doctor,user332@gmail.com,+2348898567178,"Street 114, Ibadan",@user332,Friends,No,Worker_14,2024-11-05,First Timer,Youth
333,Esther Olawale,Female,1997-08-06,28,Developer,user333@gmail.com,+2348915499713,"Street 133, Ibadan",@user333,Friends,Yes,Worker_17,2024-03-22,First Timer,Youth
334,Paul Ogunleye,Male,2003-02-14,23,Entrepreneur,user334@gmail.com,+2348710607239,"Street 8, Ibadan",@user334,Social Media,Yes,Worker_7,2024-01-30,First Timer,Youth
335,Esther Adebayo,Female,1990-08-25,35,Trader,user335@gmail.com,+2348394181098,"Street 95, Ibadan",@user335,Friends,No,Worker_4,2024-12-14,First Timer,Adult
336,Grace Adeyemi,Female,2000-01-07,26,Teacher,user336@gmail.com,+2348609578849,"Street 151, Ibadan",@user336,Others,No,Worker_12,2024-03-24,Second Timer,Youth
337,Mary Ibrahim,Male,2022-10-05,3,Designer,user337@gmail.com,+2348153312407,"Street 42, Ibadan",@user337,Others,Yes,Worker_8,2024-11-27,First Timer,Youth
338,Sarah Ibrahim,Female,2019-07-26,6,Entrepreneur,user338@gmail.com,+2348121531054,"Street 200, Ibadan",@user338,Others,Yes,Worker_16,2024-03-08,First Timer,Youth
339,John Olawale,Female,2016-02-18,10,Doctor,user339@gmail.com,+2348865299271,"Street 182, Ibadan",@user339,Others,No,Worker_14,2024-07-11,Second Timer,Youth
340,Daniel Olawale,Female,2009-10-03,16,Doctor,user340@gmail.com,+2348827133833,"Street 134, Ibadan",@user340,Others,No,Worker_19,2024-02-22,First Timer,Youth
341,Grace Eze,Female,2012-02-10,14,Doctor,user341@gmail.com,+2348834883010,"Street 28, Ibadan",@user341,Friends,Yes,Worker_11,2024-05-21,Second Timer,Youth
342,Daniel Ibrahim,Male,2001-08-02,24,Teacher,user342@gmail.com,+2348655439758,"Street 196, Ibadan",@user342,Social Media,Yes,Worker_20,2024-07-25,Second Timer,Youth
343,David Adebayo,Female,2019-09-14,6,Doctor,user343@gmail.com,+2348378556835,"Street 108, Ibadan",@user343,Friends,No,Worker_2,2024-10-25,First Timer,Youth
344,Sarah Eze,Female,2004-07-23,21,Nurse,user344@gmail.com,+2348644725181,"Street 77, Ibadan",@user344,Social Media,Yes,Worker_10,2024-02-19,Second Timer,Youth
345,Daniel Eze,Male,1994-11-27,31,Nurse,user345@gmail.com,+2348802693852,"Street 23, Ibadan",@user345,Social Media,No,Worker_8,2024-06-06,Second Timer,Adult
346,Grace Okafor,Female,2024-07-08,1,Doctor,user346@gmail.com,+2348597959181,"Street 31, Ibadan",@user346,Friends,Yes,Worker_19,2024-10-24,First Timer,Youth
347,Sarah Eze,Male,2010-05-07,15,Designer,user347@gmail.com,+2348668909764,"Street 77, Ibadan",@user347,Friends,Yes,Worker_5,2024-03-11,First Timer,Youth
348,Michael Abdullahi,Female,2004-07-15,21,Teacher,user348@gmail.com,+2348439714150,"Street 184, Ibadan",@user348,Social Media,Yes,Worker_16,2024-06-19,First Timer,Youth
349,John Adebayo,Female,2003-03-23,23,Doctor,user349@gmail.com,+2348324822604,"Street 195, Ibadan",@user349,Social Media,Yes,Worker_16,2024-02-15,First Timer,Youth
350,Michael Ogunleye,Female,2016-09-23,9,Designer,user350@gmail.com,+2348612604642,"Street 99, Ibadan",@user350,Social Media,Yes,Worker_18,2024-04-12,Second Timer,Youth
351,Grace Eze,Male,1989-10-18,36,Student,user351@gmail.com,+2348826652789,"Street 2, Ibadan",@user351,Others,Yes,Worker_8,2024-12-21,Second Timer,Adult
352,David Okeke,Female,2003-03-02,23,Entrepreneur,user352@gmail.com,+2348732080338,"Street 79, Ibadan",@user352,Social Media,Yes,Worker_2,2024-06-01,Second Timer,Youth
353,Paul Abdullahi,Female,2009-08-13,16,Designer,user353@gmail.com,+2348837424573,"Street 35, Ibadan",@user353,Friends,No,Worker_12,2024-04-06,First Timer,Youth
354,John Olawale,Male,2007-04-06,18,Teacher,user354@gmail.com,+2348326763783,"Street 188, Ibadan",@user354,Social Media,Yes,Worker_4,2024-07-06,First Timer,Youth
355,Daniel Eze,Male,2005-12-30,20,Student,user355@gmail.com,+2348810784787,"Street 28, Ibadan",@user355,Others,Yes,Worker_2,2024-12-19,First Timer,Youth
356,Esther Ogunleye,Male,2007-11-11,18,Entrepreneur,user356@gmail.com,+2348371375678,"Street 122, Ibadan",@user356,Others,Yes,Worker_7,2024-12-21,First Timer,Youth
357,Michael Okeke,Female,2002-09-03,23,Teacher,user357@gmail.com,+2348549710722,"Street 27, Ibadan",@user357,Others,Yes,Worker_10,2024-02-28,First Timer,Youth
358,Sarah Abdullahi,Male,2011-06-29,14,Doctor,user358@gmail.com,+2348992815061,"Street 134, Ibadan",@user358,Social Media,No,Worker_14,2024-05-31,First Timer,Youth
359,Paul Adeyemi,Male,1990-12-07,35,Developer,user359@gmail.com,+2348454982932,"Street 61, Ibadan",@user359,Social Media,Yes,Worker_3,2024-02-26,Second Timer,Adult
360,Mary Eze,Male,1995-11-09,30,Engineer,user360@gmail.com,+2348374762050,"Street 165, Ibadan",@user360,Social Media,No,Worker_10,2024-05-15,Second Timer,Adult
361,Mary Balogun,Male,1991-05-31,34,Doctor,user361@gmail.com,+2348486777550,"Street 174, Ibadan",@user361,Friends,No,Worker_4,2024-02-18,First Timer,Adult
362,David Balogun,Female,1989-08-07,36,Nurse,user362@gmail.com,+2348569992383,"Street 160, Ibadan",@user362,Friends,Yes,Worker_12,2024-06-24,First Timer,Adult
363,Michael Ogunleye,Female,1994-04-10,31,Doctor,user363@gmail.com,+2348997335002,"Street 99, Ibadan",@user363,Others,No,Worker_14,2024-11-28,First Timer,Adult
364,David Adebayo,Male,1994-03-28,31,Engineer,user364@gmail.com,+2348546706352,"Street 152, Ibadan",@user364,Friends,No,Worker_6,2024-11-08,Second Timer,Adult
365,Grace Abdullahi,Male,2024-02-12,2,Teacher,user365@gmail.com,+2348618702826,"Street 125, Ibadan",@user365,Social Media,No,Worker_15,2024-01-24,First Timer,Youth
366,Grace Adebayo,Male,2000-11-25,25,Nurse,user366@gmail.com,+2348657379037,"Street 134, Ibadan",@user366,Others,Yes,Worker_14,2024-12-04,First Timer,Youth
367,Grace Ogunleye,Male,2010-10-13,15,Entrepreneur,user367@gmail.com,+2348758111412,"Street 14, Ibadan",@user367,Social Media,Yes,Worker_17,2024-08-28,Second Timer,Youth
368,Mary Adeyemi,Female,1996-08-01,29,Trader,user368@gmail.com,+2348455295629,"Street 72, Ibadan",@user368,Social Media,Yes,Worker_18,2024-11-25,Second Timer,Youth
369,Sarah Okeke,Female,2007-04-04,18,Developer,user369@gmail.com,+2348960347752,"Street 147, Ibadan",@user369,Friends,Yes,Worker_16,2024-08-16,Second Timer,Youth
370,Esther Adebayo,Male,1994-06-28,31,Designer,user370@gmail.com,+2348542745150,"Street 10, Ibadan",@user370,Others,Yes,Worker_3,2024-11-05,Second Timer,Adult
371,Paul Olawale,Female,2011-12-20,14,Nurse,user371@gmail.com,+2348490136011,"Street 14, Ibadan",@user371,Social Media,No,Worker_11,2024-10-13,Second Timer,Youth
372,Grace Adeyemi,Male,2021-04-24,4,Engineer,user372@gmail.com,+2348915313588,"Street 169, Ibadan",@user372,Social Media,Yes,Worker_11,2024-06-30,Second Timer,Youth
373,Paul Okafor,Male,2013-09-25,12,Student,user373@gmail.com,+2348276260482,"Street 127, Ibadan",@user373,Social Media,No,Worker_4,2024-05-10,First Timer,Youth
374,Mary Ogunleye,Male,1997-07-30,28,Developer,user374@gmail.com,+2348985358270,"Street 49, Ibadan",@user374,Others,No,Worker_4,2024-07-31,First Timer,Youth
375,Ruth Okeke,Female,2017-07-28,8,Developer,user375@gmail.com,+2348807012492,"Street 151, Ibadan",@user375,Others,Yes,Worker_16,2024-01-03,First Timer,Youth
376,Michael Abdullahi,Female,2013-12-25,12,Entrepreneur,user376@gmail.com,+2348938679870,"Street 46, Ibadan",@user376,Others,Yes,Worker_5,2024-02-23,Second Timer,Youth
377,Ruth Abdullahi,Female,2018-08-29,7,Entrepreneur,user377@gmail.com,+2348513028367,"Street 108, Ibadan",@user377,Others,Yes,Worker_9,2024-07-22,Second Timer,Youth
378,Esther Balogun,Male,2002-05-12,23,Designer,user378@gmail.com,+2348746955700,"Street 180, Ibadan",@user378,Others,No,Worker_18,2024-06-09,First Timer,Youth
379,Sarah Abdullahi,Female,1998-03-06,28,Nurse,user379@gmail.com,+2348821955780,"Street 34, Ibadan",@user379,Others,Yes,Worker_17,2024-10-04,Second Timer,Youth
380,Mary Okafor,Female,2021-01-11,5,Designer,user380@gmail.com,+2348823963430,"Street 192, Ibadan",@user380,Others,No,Worker_14,2024-01-07,First Timer,Youth
381,Michael Balogun,Male,1990-04-20,35,Student,user381@gmail.com,+2348314643586,"Street 69, Ibadan",@user381,Social Media,No,Worker_9,2024-03-15,First Timer,Adult
382,Daniel Olawale,Male,2020-02-22,6,Nurse,user382@gmail.com,+2348974053994,"Street 116, Ibadan",@user382,Social Media,Yes,Worker_18,2024-07-18,First Timer,Youth
383,Daniel Adebayo,Female,2012-01-31,14,Designer,user383@gmail.com,+2348547284589,"Street 176, Ibadan",@user383,Friends,Yes,Worker_1,2024-05-08,First Timer,Youth
384,Esther Olawale,Female,2017-01-01,9,Entrepreneur,user384@gmail.com,+2348892904680,"Street 155, Ibadan",@user384,Social Media,Yes,Worker_10,2024-08-17,First Timer,Youth
385,Mary Balogun,Male,2019-10-15,6,Entrepreneur,user385@gmail.com,+2348228155179,"Street 97, Ibadan",@user385,Social Media,No,Worker_9,2024-10-11,Second Timer,Youth
386,David Abdullahi,Female,1995-01-01,31,Student,user386@gmail.com,+2348454939091,"Street 120, Ibadan",@user386,Others,Yes,Worker_2,2024-03-19,Second Timer,Adult
387,John Abdullahi,Female,2015-12-10,10,Developer,user387@gmail.com,+2348948157453,"Street 147, Ibadan",@user387,Others,No,Worker_3,2024-12-28,Second Timer,Youth
388,Sarah Balogun,Male,2012-09-25,13,Entrepreneur,user388@gmail.com,+2348271122762,"Street 107, Ibadan",@user388,Others,No,Worker_3,2024-06-27,First Timer,Youth
389,Grace Okafor,Female,1998-09-26,27,Doctor,user389@gmail.com,+2348334553833,"Street 193, Ibadan",@user389,Others,No,Worker_18,2024-11-28,First Timer,Youth
390,Grace Adeyemi,Male,1994-04-24,31,Trader,user390@gmail.com,+2348142817871,"Street 175, Ibadan",@user390,Friends,No,Worker_4,2024-07-16,Second Timer,Adult
391,Daniel Adebayo,Female,2013-05-26,12,Entrepreneur,user391@gmail.com,+2348962017907,"Street 131, Ibadan",@user391,Friends,No,Worker_2,2024-05-31,First Timer,Youth
392,Paul Okeke,Male,2003-07-15,22,Teacher,user392@gmail.com,+2348930344435,"Street 138, Ibadan",@user392,Others,Yes,Worker_3,2024-04-17,First Timer,Youth
393,Michael Okeke,Male,2019-11-29,6,Entrepreneur,user393@gmail.com,+2348989862107,"Street 180, Ibadan",@user393,Others,No,Worker_3,2024-12-17,First Timer,Youth
394,Esther Okafor,Male,1990-03-26,36,Engineer,user394@gmail.com,+2348178649475,"Street 14, Ibadan",@user394,Social Media,No,Worker_18,2024-02-06,First Timer,Adult
395,Michael Ogunleye,Female,2000-10-07,25,Designer,user395@gmail.com,+2348564957091,"Street 81, Ibadan",@user395,Social Media,No,Worker_4,2024-09-30,First Timer,Youth
396,Ruth Okeke,Male,2017-12-09,8,Engineer,user396@gmail.com,+2348484077593,"Street 129, Ibadan",@user396,Social Media,No,Worker_10,2024-11-06,First Timer,Youth
397,Esther Ogunleye,Female,2001-10-17,24,Student,user397@gmail.com,+2348608940398,"Street 41, Ibadan",@user397,Others,Yes,Worker_5,2024-07-19,Second Timer,Youth
398,David Ibrahim,Female,2017-08-10,8,Student,user398@gmail.com,+2348694342064,"Street 143, Ibadan",@user398,Social Media,Yes,Worker_2,2024-01-03,Second Timer,Youth
399,Paul Okeke,Female,2013-04-05,12,Trader,user399@gmail.com,+2348903477338,"Street 190, Ibadan",@user399,Others,No,Worker_7,2024-07-30,First Timer,Youth
400,David Olawale,Female,1996-05-21,29,Trader,user400@gmail.com,+2348223075021,"Street 47, Ibadan",@user400,Others,Yes,Worker_18,2024-08-24,First Timer,Youth
401,Mary Ibrahim,Male,2002-03-16,24,Trader,user401@gmail.com,+2348879095530,"Street 149, Ibadan",@user401,Friends,No,Worker_12,2024-03-06,First Timer,Youth
402,Daniel Abdullahi,Male,1993-08-27,32,Trader,user402@gmail.com,+2348441220048,"Street 125, Ibadan",@user402,Friends,No,Worker_20,2024-12-03,Second Timer,Adult
403,Ruth Balogun,Female,2020-04-09,5,Nurse,user403@gmail.com,+2348559891563,"Street 44, Ibadan",@user403,Social Media,No,Worker_8,2024-04-23,Second Timer,Youth
404,Grace Balogun,Female,2001-07-30,24,Developer,user404@gmail.com,+2348596979657,"Street 115, Ibadan",@user404,Friends,No,Worker_16,2024-10-09,First Timer,Youth
405,Ruth Okeke,Female,1997-01-18,29,Teacher,user405@gmail.com,+2348678336713,"Street 51, Ibadan",@user405,Friends,Yes,Worker_3,2024-01-10,First Timer,Youth
406,Ruth Ogunleye,Male,2015-04-08,10,Student,user406@gmail.com,+2348692269551,"Street 67, Ibadan",@user406,Others,No,Worker_5,2024-07-06,Second Timer,Youth
407,Ruth Ibrahim,Male,1999-03-08,27,Developer,user407@gmail.com,+2348638076911,"Street 131, Ibadan",@user407,Social Media,No,Worker_12,2024-09-14,First Timer,Youth
408,Sarah Abdullahi,Male,2018-11-22,7,Entrepreneur,user408@gmail.com,+2348250721880,"Street 115, Ibadan",@user408,Social Media,Yes,Worker_19,2024-10-16,First Timer,Youth
409,Esther Okafor,Male,2022-03-06,4,Trader,user409@gmail.com,+2348917624738,"Street 125, Ibadan",@user409,Social Media,Yes,Worker_9,2024-07-08,First Timer,Youth
410,Sarah Eze,Female,1991-02-01,35,Designer,user410@gmail.com,+2348604308858,"Street 117, Ibadan",@user410,Social Media,Yes,Worker_11,2024-02-22,Second Timer,Adult
411,Daniel Abdullahi,Male,2022-06-12,3,Designer,user411@gmail.com,+2348801878526,"Street 97, Ibadan",@user411,Friends,Yes,Worker_17,2024-05-08,Second Timer,Youth
412,Paul Ogunleye,Female,1999-03-01,27,Nurse,user412@gmail.com,+2348622763616,"Street 124, Ibadan",@user412,Others,Yes,Worker_17,2024-03-12,Second Timer,Youth
413,Sarah Okeke,Female,1996-08-05,29,Trader,user413@gmail.com,+2348261319410,"Street 48, Ibadan",@user413,Social Media,No,Worker_20,2024-03-01,First Timer,Youth
414,Grace Okeke,Female,2007-10-07,18,Developer,user414@gmail.com,+2348614345062,"Street 54, Ibadan",@user414,Others,Yes,Worker_14,2024-01-12,First Timer,Youth
415,David Abdullahi,Male,1991-02-06,35,Teacher,user415@gmail.com,+2348775963880,"Street 132, Ibadan",@user415,Social Media,Yes,Worker_2,2024-03-26,Second Timer,Adult
416,Paul Ogunleye,Male,1997-03-29,28,Doctor,user416@gmail.com,+2348192071758,"Street 56, Ibadan",@user416,Friends,No,Worker_16,2024-03-28,First Timer,Youth
417,Ruth Balogun,Male,2007-08-05,18,Entrepreneur,user417@gmail.com,+2348384026939,"Street 43, Ibadan",@user417,Others,No,Worker_15,2024-11-01,First Timer,Youth
418,Michael Ogunleye,Male,1999-06-23,26,Engineer,user418@gmail.com,+2348117783990,"Street 52, Ibadan",@user418,Others,No,Worker_5,2024-11-06,First Timer,Youth
419,Esther Abdullahi,Male,1997-02-14,29,Entrepreneur,user419@gmail.com,+2348640445621,"Street 193, Ibadan",@user419,Social Media,Yes,Worker_16,2024-12-03,First Timer,Youth
420,Paul Adebayo,Female,2016-03-27,9,Entrepreneur,user420@gmail.com,+2348551706031,"Street 95, Ibadan",@user420,Social Media,No,Worker_8,2024-09-03,Second Timer,Youth
421,Ruth Abdullahi,Male,2004-11-20,21,Designer,user421@gmail.com,+2348243755891,"Street 66, Ibadan",@user421,Friends,Yes,Worker_3,2024-05-25,Second Timer,Youth
422,Sarah Adebayo,Male,2000-09-23,25,Entrepreneur,user422@gmail.com,+2348226517500,"Street 134, Ibadan",@user422,Social Media,No,Worker_7,2024-12-18,Second Timer,Youth
423,Grace Okeke,Male,2007-07-04,18,Designer,user423@gmail.com,+2348799624335,"Street 150, Ibadan",@user423,Friends,No,Worker_18,2024-08-04,Second Timer,Youth
424,Daniel Ogunleye,Male,2016-08-12,9,Designer,user424@gmail.com,+2348692818173,"Street 143, Ibadan",@user424,Friends,Yes,Worker_12,2024-10-13,Second Timer,Youth
425,Daniel Abdullahi,Female,2000-07-19,25,Designer,user425@gmail.com,+2348890040374,"Street 36, Ibadan",@user425,Others,Yes,Worker_8,2024-08-16,First Timer,Youth
426,Sarah Eze,Female,1993-08-30,32,Nurse,user426@gmail.com,+2348959910144,"Street 141, Ibadan",@user426,Others,Yes,Worker_6,2024-07-18,First Timer,Adult
427,David Adeyemi,Female,1993-04-02,32,Engineer,user427@gmail.com,+2348168805869,"Street 68, Ibadan",@user427,Social Media,No,Worker_3,2024-11-07,First Timer,Adult
428,Michael Ogunleye,Female,2021-08-31,4,Student,user428@gmail.com,+2348930655747,"Street 45, Ibadan",@user428,Others,No,Worker_15,2024-01-06,First Timer,Youth
429,Paul Ibrahim,Male,2018-08-19,7,Student,user429@gmail.com,+2348941770040,"Street 154, Ibadan",@user429,Others,Yes,Worker_20,2024-03-27,First Timer,Youth
430,Sarah Adebayo,Male,2005-04-20,20,Engineer,user430@gmail.com,+2348396284956,"Street 200, Ibadan",@user430,Friends,No,Worker_13,2024-07-26,First Timer,Youth
431,John Okeke,Male,2012-05-22,13,Entrepreneur,user431@gmail.com,+2348405472873,"Street 186, Ibadan",@user431,Others,No,Worker_12,2024-05-21,First Timer,Youth
432,Sarah Adeyemi,Female,2016-05-13,9,Student,user432@gmail.com,+2348380362052,"Street 45, Ibadan",@user432,Friends,Yes,Worker_18,2024-02-07,Second Timer,Youth
433,Mary Eze,Female,2004-06-01,21,Entrepreneur,user433@gmail.com,+2348973110318,"Street 148, Ibadan",@user433,Friends,No,Worker_13,2024-10-15,Second Timer,Youth
434,Sarah Okafor,Female,2023-09-15,2,Developer,user434@gmail.com,+2348730100172,"Street 8, Ibadan",@user434,Friends,Yes,Worker_9,2024-02-04,Second Timer,Youth
435,Sarah Olawale,Female,2017-08-03,8,Designer,user435@gmail.com,+2348479134231,"Street 133, Ibadan",@user435,Others,Yes,Worker_9,2024-05-07,Second Timer,Youth
436,Michael Okafor,Male,1993-05-03,32,Entrepreneur,user436@gmail.com,+2348291647610,"Street 122, Ibadan",@user436,Friends,No,Worker_7,2024-10-20,Second Timer,Adult
437,Sarah Adeyemi,Male,1997-05-13,28,Trader,user437@gmail.com,+2348889660946,"Street 62, Ibadan",@user437,Friends,Yes,Worker_8,2024-04-13,First Timer,Youth
438,Grace Balogun,Male,2016-11-30,9,Engineer,user438@gmail.com,+2348184275390,"Street 174, Ibadan",@user438,Others,No,Worker_20,2024-01-04,First Timer,Youth
439,Grace Abdullahi,Female,2010-10-19,15,Developer,user439@gmail.com,+2348716885481,"Street 71, Ibadan",@user439,Friends,Yes,Worker_17,2024-05-23,Second Timer,Youth
440,Ruth Balogun,Male,1999-02-16,27,Entrepreneur,user440@gmail.com,+2348958209543,"Street 109, Ibadan",@user440,Friends,Yes,Worker_17,2024-06-26,Second Timer,Youth
441,David Adeyemi,Male,2019-12-14,6,Entrepreneur,user441@gmail.com,+2348593997037,"Street 81, Ibadan",@user441,Others,Yes,Worker_1,2024-12-11,First Timer,Youth
442,Ruth Okeke,Female,2006-03-09,20,Nurse,user442@gmail.com,+2348757965465,"Street 67, Ibadan",@user442,Social Media,No,Worker_8,2024-05-17,Second Timer,Youth
443,Grace Okafor,Male,2016-08-31,9,Developer,user443@gmail.com,+2348555205201,"Street 54, Ibadan",@user443,Friends,No,Worker_12,2024-07-24,Second Timer,Youth
444,David Abdullahi,Male,2009-05-20,16,Trader,user444@gmail.com,+2348974230575,"Street 26, Ibadan",@user444,Others,No,Worker_8,2024-10-11,Second Timer,Youth
445,Sarah Balogun,Male,2006-04-02,19,Developer,user445@gmail.com,+2348965079822,"Street 3, Ibadan",@user445,Social Media,No,Worker_16,2024-03-09,Second Timer,Youth
446,Esther Ibrahim,Female,2024-05-23,1,Entrepreneur,user446@gmail.com,+2348709707672,"Street 13, Ibadan",@user446,Friends,Yes,Worker_6,2024-01-31,First Timer,Youth
447,Esther Okeke,Female,2000-07-28,25,Nurse,user447@gmail.com,+2348378924968,"Street 93, Ibadan",@user447,Friends,No,Worker_12,2024-01-11,Second Timer,Youth
448,Grace Abdullahi,Male,1994-08-09,31,Entrepreneur,user448@gmail.com,+2348287409640,"Street 200, Ibadan",@user448,Friends,No,Worker_11,2024-12-10,Second Timer,Adult
449,Esther Okeke,Female,2023-12-02,2,Doctor,user449@gmail.com,+2348597950004,"Street 162, Ibadan",@user449,Social Media,Yes,Worker_11,2024-08-03,Second Timer,Youth
450,Mary Balogun,Female,1992-05-13,33,Trader,user450@gmail.com,+2348436598800,"Street 82, Ibadan",@user450,Others,No,Worker_9,2024-11-05,Second Timer,Adult
451,Esther Okafor,Female,2001-05-02,24,Designer,user451@gmail.com,+2348279656450,"Street 48, Ibadan",@user451,Social Media,Yes,Worker_8,2024-12-04,Second Timer,Youth
452,Mary Olawale,Male,2022-07-14,3,Designer,user452@gmail.com,+2348210605413,"Street 25, Ibadan",@user452,Social Media,No,Worker_18,2024-01-28,First Timer,Youth
453,Michael Eze,Male,2023-09-30,2,Engineer,user453@gmail.com,+2348381805975,"Street 159, Ibadan",@user453,Social Media,Yes,Worker_13,2024-06-07,First Timer,Youth
454,Daniel Adeyemi,Male,2000-04-06,25,Teacher,user454@gmail.com,+2348665585273,"Street 44, Ibadan",@user454,Social Media,Yes,Worker_12,2024-06-15,Second Timer,Youth
455,Paul Ibrahim,Female,2010-02-14,16,Teacher,user455@gmail.com,+2348849066860,"Street 139, Ibadan",@user455,Social Media,No,Worker_19,2024-08-10,Second Timer,Youth
456,Esther Eze,Male,2004-09-27,21,Engineer,user456@gmail.com,+2348574443895,"Street 79, Ibadan",@user456,Friends,No,Worker_9,2024-03-20,Second Timer,Youth
457,John Eze,Male,1989-08-21,36,Nurse,user457@gmail.com,+2348407908620,"Street 121, Ibadan",@user457,Others,Yes,Worker_16,2024-09-01,Second Timer,Adult
458,Michael Ibrahim,Male,1989-07-29,36,Student,user458@gmail.com,+2348688638365,"Street 96, Ibadan",@user458,Social Media,No,Worker_18,2024-08-11,Second Timer,Adult
459,David Ogunleye,Female,2000-05-17,25,Trader,user459@gmail.com,+2348382372922,"Street 21, Ibadan",@user459,Friends,Yes,Worker_17,2024-11-09,Second Timer,Youth
460,Paul Ibrahim,Female,2001-12-08,24,Trader,user460@gmail.com,+2348173512612,"Street 47, Ibadan",@user460,Social Media,No,Worker_4,2024-11-22,Second Timer,Youth
461,Esther Ibrahim,Female,2016-11-15,9,Trader,user461@gmail.com,+2348444288576,"Street 5, Ibadan",@user461,Social Media,Yes,Worker_18,2024-01-12,First Timer,Youth
462,Daniel Ibrahim,Male,1993-10-02,32,Developer,user462@gmail.com,+2348880725278,"Street 3, Ibadan",@user462,Social Media,Yes,Worker_5,2024-01-08,Second Timer,Adult
463,Grace Ogunleye,Female,1998-11-28,27,Developer,user463@gmail.com,+2348498784578,"Street 119, Ibadan",@user463,Others,Yes,Worker_11,2024-02-11,First Timer,Youth
464,Daniel Ogunleye,Male,1991-09-06,34,Entrepreneur,user464@gmail.com,+2348604816257,"Street 47, Ibadan",@user464,Social Media,No,Worker_13,2024-01-07,First Timer,Adult
465,Sarah Ogunleye,Female,2023-08-16,2,Trader,user465@gmail.com,+2348892012381,"Street 9, Ibadan",@user465,Social Media,No,Worker_4,2024-09-23,First Timer,Youth
466,Michael Ibrahim,Female,2010-05-17,15,Teacher,user466@gmail.com,+2348775559969,"Street 187, Ibadan",@user466,Social Media,Yes,Worker_9,2024-09-03,Second Timer,Youth
467,Grace Adebayo,Male,1998-01-29,28,Engineer,user467@gmail.com,+2348353366389,"Street 163, Ibadan",@user467,Friends,No,Worker_1,2024-03-26,Second Timer,Youth
468,Mary Ogunleye,Male,2015-05-24,10,Student,user468@gmail.com,+2348145090037,"Street 149, Ibadan",@user468,Others,No,Worker_20,2024-03-20,Second Timer,Youth
469,Mary Olawale,Male,2023-09-28,2,Developer,user469@gmail.com,+2348198141669,"Street 176, Ibadan",@user469,Others,No,Worker_2,2024-01-31,Second Timer,Youth
470,David Eze,Male,2018-01-29,8,Teacher,user470@gmail.com,+2348623817304,"Street 60, Ibadan",@user470,Friends,No,Worker_15,2024-04-08,First Timer,Youth
471,Michael Okafor,Male,2020-01-31,6,Doctor,user471@gmail.com,+2348142400500,"Street 125, Ibadan",@user471,Others,No,Worker_18,2024-05-30,Second Timer,Youth
472,Ruth Balogun,Female,1997-09-05,28,Nurse,user472@gmail.com,+2348886411102,"Street 120, Ibadan",@user472,Friends,Yes,Worker_3,2024-09-28,First Timer,Youth
473,Daniel Ibrahim,Female,2009-04-28,16,Developer,user473@gmail.com,+2348100772905,"Street 199, Ibadan",@user473,Others,No,Worker_6,2024-01-10,Second Timer,Youth
474,Ruth Olawale,Female,2023-12-23,2,Engineer,user474@gmail.com,+2348806832877,"Street 138, Ibadan",@user474,Friends,Yes,Worker_17,2024-12-15,Second Timer,Youth
475,Paul Balogun,Female,2023-07-07,2,Nurse,user475@gmail.com,+2348540024260,"Street 165, Ibadan",@user475,Friends,Yes,Worker_4,2024-09-24,First Timer,Youth
476,David Balogun,Male,1991-02-17,35,Trader,user476@gmail.com,+2348214949614,"Street 125, Ibadan",@user476,Social Media,Yes,Worker_2,2024-10-19,Second Timer,Adult
477,Esther Eze,Female,2018-09-05,7,Student,user477@gmail.com,+2348493369637,"Street 57, Ibadan",@user477,Others,Yes,Worker_1,2024-04-16,Second Timer,Youth
478,Esther Adebayo,Female,1992-10-02,33,Entrepreneur,user478@gmail.com,+2348898302819,"Street 107, Ibadan",@user478,Friends,Yes,Worker_20,2024-05-16,First Timer,Adult
479,Mary Ibrahim,Male,2022-02-07,4,Trader,user479@gmail.com,+2348657793068,"Street 25, Ibadan",@user479,Social Media,Yes,Worker_18,2024-07-16,First Timer,Youth
480,Paul Olawale,Male,1997-10-30,28,Entrepreneur,user480@gmail.com,+2348904441314,"Street 143, Ibadan",@user480,Friends,Yes,Worker_19,2024-07-02,Second Timer,Youth
481,Michael Okeke,Male,2020-09-05,5,Teacher,user481@gmail.com,+2348690520920,"Street 103, Ibadan",@user481,Others,No,Worker_6,2024-09-30,Second Timer,Youth
482,Grace Eze,Female,2004-12-20,21,Nurse,user482@gmail.com,+2348542750235,"Street 196, Ibadan",@user482,Others,No,Worker_11,2024-11-07,First Timer,Youth
483,Paul Olawale,Female,2014-06-05,11,Entrepreneur,user483@gmail.com,+2348899484915,"Street 66, Ibadan",@user483,Friends,No,Worker_15,2024-07-22,First Timer,Youth
484,John Ibrahim,Male,2021-09-29,4,Entrepreneur,user484@gmail.com,+2348245047170,"Street 78, Ibadan",@user484,Social Media,No,Worker_8,2024-04-19,Second Timer,Youth
485,Daniel Eze,Male,1990-02-20,36,Engineer,user485@gmail.com,+2348140519046,"Street 118, Ibadan",@user485,Friends,Yes,Worker_5,2024-05-15,Second Timer,Adult
486,Sarah Olawale,Female,2015-04-13,10,Doctor,user486@gmail.com,+2348198682372,"Street 147, Ibadan",@user486,Friends,Yes,Worker_3,2024-06-15,Second Timer,Youth
487,Esther Abdullahi,Male,1996-12-02,29,Doctor,user487@gmail.com,+2348140127441,"Street 188, Ibadan",@user487,Others,No,Worker_3,2024-01-29,Second Timer,Youth
488,Michael Ogunleye,Male,2004-10-09,21,Trader,user488@gmail.com,+2348902813840,"Street 168, Ibadan",@user488,Others,Yes,Worker_13,2024-01-28,Second Timer,Youth
489,John Okafor,Male,2012-09-08,13,Nurse,user489@gmail.com,+2348639449617,"Street 179, Ibadan",@user489,Social Media,Yes,Worker_2,2024-12-10,Second Timer,Youth
490,Ruth Abdullahi,Male,2009-02-25,17,Trader,user490@gmail.com,+2348563787397,"Street 75, Ibadan",@user490,Friends,Yes,Worker_5,2024-06-21,First Timer,Youth
491,Ruth Adebayo,Female,2010-07-06,15,Doctor,user491@gmail.com,+2348191352864,"Street 103, Ibadan",@user491,Others,No,Worker_5,2024-03-10,Second Timer,Youth
492,Sarah Adeyemi,Female,2014-04-03,11,Trader,user492@gmail.com,+2348702549133,"Street 158, Ibadan",@user492,Others,Yes,Worker_8,2024-02-06,Second Timer,Youth
493,Michael Okafor,Male,2024-01-04,2,Engineer,user493@gmail.com,+2348821283444,"Street 106, Ibadan",@user493,Friends,No,Worker_12,2024-04-07,Second Timer,Youth
494,Ruth Adebayo,Female,2004-08-14,21,Teacher,user494@gmail.com,+2348475505122,"Street 158, Ibadan",@user494,Friends,Yes,Worker_15,2024-01-23,First Timer,Youth
495,Grace Balogun,Male,1998-02-14,28,Engineer,user495@gmail.com,+2348894119729,"Street 14, Ibadan",@user495,Social Media,Yes,Worker_10,2024-01-08,Second Timer,Youth
496,Mary Ibrahim,Female,2020-04-15,5,Developer,user496@gmail.com,+2348124425601,"Street 85, Ibadan",@user496,Social Media,Yes,Worker_7,2024-10-06,Second Timer,Youth
497,Esther Abdullahi,Male,2013-10-13,12,Student,user497@gmail.com,+2348504378331,"Street 150, Ibadan",@user497,Others,Yes,Worker_9,2024-03-28,First Timer,Youth
498,Sarah Abdullahi,Female,2001-11-27,24,Student,user498@gmail.com,+2348599247875,"Street 168, Ibadan",@user498,Social Media,Yes,Worker_13,2024-12-04,Second Timer,Youth
499,Grace Okeke,Male,2018-11-27,7,Doctor,user499@gmail.com,+2348797299908,"Street 99, Ibadan",@user499,Social Media,No,Worker_17,2024-12-29,First Timer,Youth
500,Esther Abdullahi,Male,2003-04-26,22,Teacher,user500@gmail.com,+2348313540619,"Street 129, Ibadan",@user500,Friends,Yes,Worker_2,2024-05-06,Second Timer,Youth
